id,x,y,981.242,981.95,982.657,983.364,984.07,984.777,985.484,986.19,986.896,987.602,988.308,989.015,989.72,990.426,991.131,991.837,992.542,993.247,993.951,994.657,995.361,996.066,996.77,997.475,998.179,998.883,999.586,1000.29,1000.99,1001.7,1002.4,1003.1,1003.81,1004.51,1005.21,1005.92,1006.62,1007.32,1008.02,1008.73,1009.43,1010.13,1010.83,1011.53,1012.23,1012.94,1013.64,1014.34,1015.04,1015.74,1016.44,1017.14,1017.84,1018.54,1019.24,1019.94,1020.64,1021.34,1022.04,1022.74,1023.44,1024.14,1024.84,1025.54,1026.24,1026.94,1027.63,1028.33,1029.03,1029.73,1030.43,1031.13,1031.82,1032.52,1033.22,1033.92,1034.61,1035.31,1036.01,1036.71,1037.4,1038.1,1038.8,1039.49,1040.19,1040.88,1041.58,1042.28,1042.97,1043.67,1044.36,1045.06,1045.75,1046.45,1047.14,1047.84,1048.53,1049.23
6,0,0,28.586,-3.33,37.71,17.95,7.189,5.029,13.668,12.708,24.147,21.987,9.426,17.866,22.906,2.545,12.385,22.424,5.264,10.503,-0.457,7.377,33.211,16.045,10.28,19.914,0.348,12.786,-2.976,12.222,5.22,15.217,13.215,-8.987,8.038,15.262,13.687,0.112,26.938,20.764,8.99,5.016,13.842,9.468,11.094,20.32,20.146,25.572,25.598,25.824,40.25,39.876,30.102,43.728,45.954,45.98,41.206,35.432,18.458,13.084,25.31,12.936,11.362,10.188,9.814,6.44,29.666,5.292,9.318,10.544,12.37,3.997,16.623,-5.151,4.995,5.541,2.287,-3.743,-0.827,11.48,-2.813,19.856,13.926,1.796,0.684,8.579,5.674,13.969,14.665,7.76,14.855,12.75,12.846,18.541,16.636,22.531,26.827,17.722,24.017,10.512
6,1,0,12.581,4.907,20.033,5.559,6.885,10.41,8.536,2.862,28.017,15.171,-1.274,7.267,4.408,3.348,6.923,5.297,5.671,0.246,8.223,2.399,10.401,1.602,-4.98,3.58,-0.061,13.899,4.458,2.617,2.203,19.812,10.82,17.229,1.037,11.657,22.476,-2.504,10.687,8.078,10.269,10.459,23.05,-3.159,22.395,6.948,9.902,10.855,28.409,25.563,26.916,36.27,35.623,23.777,25.13,19.284,34.038,29.991,19.345,28.498,16.452,29.806,17.159,7.313,10.466,4.82,11.623,14.227,7.23,4.034,12.68,19.125,3.171,26.45,23.13,9.409,18.688,14.967,13.447,-6.274,6.526,2.327,-16.248,-2.467,-3.116,10.198,10.712,13.626,15.34,13.854,22.168,13.682,9.996,23.711,35.825,17.539,31.653,12.767,17.881,8.595
6,1,-1,14.66,-0.794,27.144,15.081,27.019,10.156,6.894,25.632,29.569,15.707,11.644,-0.418,17.315,-10.552,19.845,2.042,10.861,7.079,13.898,19.916,14.335,9.953,29.172,10.791,15.209,5.228,19.899,13.97,7.842,6.713,-0.816,7.246,6.109,12.171,8.433,5.695,-0.185,-1.468,16.633,-0.467,-1.371,12.909,15.989,18.869,16.749,17.029,33.709,22.588,46.268,35.348,41.028,49.508,42.588,33.668,42.348,13.828,32.108,21.588,19.868,21.748,12.228,9.108,8.188,4.268,20.792,5.516,18.495,6.674,5.854,-1.767,8.793,8.152,1.112,1.083,10.266,17.05,9.433,11.816,-5.801,12.913,10.627,-0.659,21.248,-7.245,8.774,-5.006,21.155,20.317,15.678,0.64,21.808,36.776,25.344,38.913,42.481,4.249,30.617,3.185
6,0,-1,23.224,15.842,25.46,14.278,22.895,17.513,12.531,14.949,17.967,21.785,17.803,4.621,13.039,5.857,14.075,5.693,10.311,-0.671,17.738,1.348,5.773,16.998,10.222,19.247,12.272,8.697,2.922,17.578,8.833,7.889,-8.655,18.221,12.497,17.173,7.448,23.724,19.2,12.675,12.951,7.027,3.103,11.412,27.921,8.831,18.74,35.249,36.558,39.868,31.977,42.886,61.396,59.105,55.214,54.924,33.833,17.542,17.252,22.761,11.67,19.58,12.489,14.798,16.708,9.617,-0.474,8.629,10.132,12.236,7.939,7.242,-2.655,31.609,14.474,13.539,13.803,-3.932,10.072,16.477,11.081,-1.714,-3.532,7.598,12.128,16.457,17.387,20.917,14.047,16.377,20.507,10.836,8.566,15.096,12.226,18.956,8.886,23.215,16.745,7.475
6,-1,-1,30.557,1.058,24.769,1.681,20.41,8.538,2.467,13.396,21.724,17.253,2.982,3.31,21.439,9.368,9.696,16.225,-0.246,15.479,18.405,23.531,13.257,-0.017,21.908,13.634,-0.441,7.48,-7.2,10.794,10.388,8.981,10.175,12.969,10.563,8.356,6.95,21.144,17.538,6.931,-5.075,12.234,22.342,6.05,18.959,16.267,11.175,27.084,24.192,50.1,47.609,46.117,49.825,55.334,55.042,58.55,43.059,47.167,35.475,31.384,22.292,18.8,13.109,8.017,26.126,34.834,30.342,6.051,17.559,18.867,25.776,17.684,7.192,20.901,-3.991,-10.148,8.065,5.478,10.091,6.504,4.317,14.175,11.234,8.292,5.15,18.408,5.066,31.724,5.983,9.041,22.099,12.357,31.615,24.273,13.332,25.59,12.048,28.106,20.564,14.422
6,-1,0,16.936,1.705,25.291,1.077,18.075,8.872,23.07,8.267,10.065,29.262,7.26,19.057,2.655,6.652,12.45,11.447,-3.355,11.193,10.541,7.289,7.637,-1.615,13.912,12.438,0.564,10.497,16.23,21.363,19.096,22.03,13.963,4.296,17.029,6.762,6.295,8.028,23.761,17.294,7.827,15.76,22.893,12.026,16.159,10.092,28.225,15.558,35.491,34.024,42.757,53.89,51.023,61.156,69.09,53.023,43.356,36.289,29.022,19.355,5.288,14.021,39.154,18.087,26.42,18.753,11.686,11.619,23.352,11.885,-6.982,16.409,4.001,32.392,12.783,14.774,11.165,2.557,18.375,6.393,10.011,-3.971,19.183,6.137,0.292,-0.751,3.998,30.146,6.894,6.042,19.591,19.939,-3.913,6.174,12.462,18.749,31.036,31.923,24.21,11.297
6,-1,1,21.459,10.472,5.086,12.7,18.113,15.127,11.141,10.755,21.768,23.582,32.796,18.21,19.023,10.637,13.051,9.265,21.878,-4.508,6.039,-6.814,18.418,10.251,13.683,12.915,14.348,14.98,1.812,5.463,10.914,10.165,11.616,12.467,2.118,-2.609,10.029,14.467,1.105,29.355,16.205,15.655,7.105,-3.645,16.754,17.352,16.551,32.95,21.349,35.548,46.147,49.345,49.544,70.943,63.342,50.941,36.939,36.138,27.137,6.936,11.335,16.733,30.932,6.731,10.13,4.129,-1.472,21.108,2.089,16.49,-5.308,10.614,1.535,32.872,17.01,8.347,6.084,1.622,17.175,4.129,4.683,2.436,-0.81,11.135,-0.121,15.022,8.765,-5.692,9.965,0.623,2.687,10.151,6.615,15.879,34.142,12.606,22.87,11.334,9.998,13.662
6,0,1,31.595,-1.89,3.201,14.493,8.184,4.076,10.367,20.059,19.35,15.442,7.933,18.824,-2.284,-3.021,-4.198,15.565,14.129,1.892,2.856,22.219,9.383,12.546,19.31,2.273,17.837,2.4,13.964,24.327,9.091,11.254,-3.982,0.124,23.432,7.54,15.647,7.755,4.863,13.371,15.879,14.186,2.294,3.825,14.556,29.887,18.418,16.749,26.879,24.61,31.341,43.872,45.403,63.334,39.065,34.195,38.126,31.057,34.788,17.919,25.05,5.981,7.311,29.642,21.773,6.104,16.435,20.366,9.697,1.627,15.175,15.124,-3.328,11.573,17.474,22.775,18.676,15.977,-5.123,8.098,4.319,11.34,8.961,8.382,19.403,-2.576,-3.589,12.347,11.884,11.42,23.757,13.893,10.629,17.966,22.502,22.439,31.575,29.512,3.648,6.385
6,1,1,36.847,7.413,15.18,27.547,5.314,35.881,10.847,14.014,17.981,20.748,16.715,16.481,15.248,14.815,-13.018,21.357,3.133,22.344,14.554,15.565,26.376,10.787,9.997,20.208,14.219,6.03,14.24,13.851,9.462,2.873,22.914,19.156,21.998,6.04,0.082,13.325,4.167,20.61,19.253,10.096,21.339,22.782,10.624,14.067,29.51,29.953,44.596,30.639,43.081,48.724,53.567,50.01,55.053,28.096,36.738,27.781,22.824,23.667,23.31,9.553,12.595,-2.162,20.452,6.866,5.08,19.094,14.908,14.122,-0.664,14.142,15.348,13.155,16.961,7.367,-2.027,10.753,3.934,6.515,1.295,-0.911,-5.928,6.362,18.453,1.343,12.047,16.751,9.655,7.559,14.463,18.767,18.271,17.975,25.279,22.182,23.686,-1.61,19.075,11.56
6,2,1,20.834,1.242,1.463,15.898,4.734,-4.431,6.755,9.14,10.126,9.512,15.897,-0.717,18.861,4.439,11.217,21.195,10.573,0.951,0.939,-4.464,6.683,25.029,9.976,8.723,21.469,10.216,-1.437,8.094,3.425,1.99,16.376,4.362,4.547,8.333,-2.881,14.072,4.426,14.179,14.132,16.886,-3.761,7.749,10.059,21.969,-1.321,28.375,23.47,41.965,38.461,23.156,49.852,50.747,36.443,45.938,37.834,30.729,19.824,13.52,-3.185,10.674,3.933,16.631,6.73,28.829,19.528,-0.174,11.723,8.82,11.917,7.214,4.311,15.051,-0.409,3.527,22.099,11.271,3.043,6.846,-9.351,7.132,-3.184,8.263,1.91,5.977,-2.956,6.878,14.511,16.944,19.777,10.81,13.844,21.677,26.71,23.943,41.376,7.21,25.043,-3.324
6,2,0,32.323,2.639,-1.044,4.26,-4.636,15.0,10.835,18.271,31.907,14.543,9.779,9.615,6.251,5.486,2.722,1.558,4.01,5.462,18.513,6.565,-2.983,12.028,23.44,-6.949,13.742,16.232,-2.477,19.781,10.838,4.896,17.554,10.011,-0.731,3.518,1.967,19.236,5.705,14.174,12.243,8.113,12.382,9.251,17.92,23.589,23.458,29.327,27.797,25.866,35.935,46.604,33.273,42.342,25.411,24.681,34.95,25.419,27.688,4.357,33.026,8.095,9.965,16.634,7.303,10.172,12.241,11.51,9.179,9.649,6.318,14.587,18.656,1.925,22.415,6.304,13.194,15.084,6.574,5.263,6.953,10.443,18.332,1.022,-1.477,-7.595,6.548,16.491,12.234,23.378,15.121,0.664,16.014,18.765,15.915,20.866,38.216,31.766,6.517,5.067
6,2,-1,43.887,-15.077,19.544,19.165,13.586,3.807,9.266,17.725,9.984,11.844,30.103,8.762,7.422,9.081,9.74,12.399,9.659,19.118,12.777,20.037,2.496,7.981,1.865,15.97,0.874,9.788,14.301,13.815,9.129,12.643,0.157,-1.328,14.372,26.271,5.97,19.07,16.769,9.468,4.167,17.867,21.766,20.865,24.165,8.064,25.963,18.463,28.362,15.461,34.16,42.66,36.559,42.658,31.758,38.057,30.756,38.455,23.155,14.454,17.553,15.053,19.952,14.051,11.15,20.45,21.349,-0.352,12.944,6.239,-2.466,-4.201,2.007,20.615,14.422,18.63,0.038,1.046,18.465,4.684,-2.297,22.494,9.885,8.276,-3.733,-3.19,27.313,8.017,26.92,16.423,6.126,29.029,-0.867,12.426,15.12,17.214,32.508,5.001,0.695,9.996
6,2,-2,34.441,16.18,-2.481,20.427,7.135,8.442,16.75,13.058,11.166,10.274,13.182,13.29,15.998,-0.294,32.611,5.115,10.02,2.124,-7.571,9.206,6.984,16.561,16.339,-6.684,25.186,10.057,-2.273,37.968,20.81,16.851,22.892,1.934,24.995,11.456,4.517,-2.422,32.608,10.837,10.667,17.497,3.926,11.756,19.986,3.615,12.645,17.275,36.704,39.334,39.763,29.193,28.423,42.252,44.082,25.112,33.141,32.971,20.8,28.43,5.46,9.889,11.519,7.749,25.778,11.608,12.238,17.867,11.897,11.926,-2.044,20.359,5.162,22.564,23.567,6.37,-5.827,7.882,13.192,4.501,12.811,17.321,11.83,-0.86,-1.961,16.914,2.788,16.863,10.337,12.412,12.086,25.761,20.435,10.51,14.384,17.459,16.133,9.808,14.282,12.757
6,1,-2,13.196,20.528,32.859,16.39,9.722,13.253,6.184,13.516,17.447,24.778,20.51,17.441,19.973,-0.696,7.627,2.151,-3.103,17.608,18.318,0.028,11.939,12.25,11.161,1.471,9.998,19.924,1.051,15.188,10.726,16.664,11.602,-0.061,7.277,7.614,-5.049,13.827,-0.098,9.377,27.052,0.327,17.405,13.684,0.162,6.642,19.522,21.203,34.283,17.963,45.043,36.724,56.604,37.284,38.364,35.244,23.125,15.605,30.485,8.765,16.445,5.726,6.463,-0.599,14.332,5.863,5.794,9.725,12.656,9.587,-0.882,8.839,2.56,23.308,6.656,12.404,11.952,17.701,-7.351,8.504,26.559,12.815,-7.93,6.225,1.179,13.547,7.714,19.881,14.849,11.616,15.783,15.55,6.518,6.885,25.052,18.219,16.187,17.154,28.521,3.289
6,0,-2,25.605,9.858,17.712,0.966,4.629,25.493,2.757,31.22,22.884,14.148,15.011,5.075,9.739,11.402,0.266,5.333,-3.601,7.015,3.631,13.847,13.463,4.879,7.095,21.311,16.527,-6.057,-3.342,13.127,1.596,1.881,16.785,18.089,15.593,22.297,10.601,9.905,14.209,8.314,22.818,5.122,20.626,22.53,14.634,6.538,15.442,29.546,23.85,36.754,34.258,44.762,43.467,61.171,39.275,43.779,40.483,17.787,28.091,15.995,20.699,18.203,26.907,24.411,19.315,13.22,-3.076,5.984,8.045,10.305,-2.634,4.79,4.015,22.039,12.664,0.488,9.718,19.948,6.178,14.608,6.038,9.668,7.098,15.528,2.958,2.588,-4.983,-5.23,5.842,10.113,20.784,20.055,15.127,18.598,1.469,27.355,15.441,6.727,13.413,11.499
6,-1,-2,31.718,4.434,9.55,21.066,-5.019,10.617,23.052,24.688,27.524,13.159,3.995,18.63,3.066,2.901,12.937,18.972,10.408,-8.556,-1.292,18.955,22.803,14.251,0.498,6.752,14.605,20.458,13.312,8.965,4.018,8.672,8.525,18.178,27.432,8.685,20.738,12.992,20.245,12.338,17.432,10.325,13.218,9.311,14.205,29.298,9.191,24.485,36.778,35.231,47.685,45.938,68.991,50.445,55.898,46.151,50.005,30.058,23.911,8.565,36.818,23.671,14.325,1.578,6.048,-0.483,8.781,20.445,19.509,0.973,3.047,7.522,0.596,20.477,14.557,8.638,1.919,12.819,1.919,9.038,-3.642,4.625,5.892,6.359,2.427,-9.906,19.35,14.406,2.462,2.917,3.173,12.029,19.485,23.941,9.397,23.653,42.508,14.564,16.42,14.476
6,-2,-2,22.215,19.634,1.453,4.287,12.321,-4.045,8.736,29.317,15.098,3.679,10.659,17.64,14.821,26.202,10.783,9.764,3.545,1.925,-5.674,19.045,17.565,6.884,19.603,16.123,9.842,-1.439,4.863,8.365,10.667,12.569,0.671,6.98,5.49,28.399,7.309,10.618,8.128,16.837,4.547,19.456,-4.034,10.819,6.873,14.526,18.18,23.833,35.287,43.74,57.394,57.247,67.101,52.554,67.008,49.861,63.115,40.368,34.622,16.475,14.729,16.782,38.236,23.289,20.143,0.996,6.861,3.725,9.789,3.453,-3.083,14.543,10.168,10.593,6.019,-1.756,-1.151,1.841,21.032,0.424,0.62,0.023,1.426,-11.756,7.849,-5.345,2.788,17.92,26.253,2.786,11.519,4.851,17.384,16.317,9.649,8.982,34.915,24.648,13.78,27.113
6,-2,-1,39.922,4.481,28.04,31.999,11.959,17.918,15.877,20.836,16.196,18.555,-4.886,19.593,18.472,13.551,22.03,-3.891,10.929,-5.45,10.677,18.004,-3.668,6.405,27.079,3.352,20.425,14.499,14.772,25.245,25.519,15.792,7.266,-1.461,17.395,8.25,9.106,-2.238,-2.811,16.579,18.168,26.958,12.747,7.337,11.127,17.916,16.706,39.095,25.485,28.874,42.864,57.454,64.443,67.233,45.622,51.012,50.001,45.991,16.781,35.57,22.16,27.149,25.339,29.528,10.518,12.908,16.297,24.287,17.276,9.466,11.655,6.445,14.435,10.024,18.214,-3.997,1.334,5.465,9.196,10.327,0.858,-5.212,-0.565,11.875,6.715,-0.845,10.186,17.816,-3.553,4.427,5.607,11.787,14.367,18.348,8.728,21.108,30.488,14.468,11.248,24.429
6,-2,0,27.991,9.671,15.55,32.429,11.109,-10.012,6.282,7.176,9.67,12.964,30.658,16.551,-1.555,12.72,11.796,-1.329,17.53,10.589,12.848,13.507,13.366,20.426,18.885,27.944,0.403,27.267,-2.47,13.963,9.796,10.828,13.461,6.893,15.926,21.559,-1.409,32.207,10.823,8.439,20.054,3.27,-2.314,10.473,5.859,21.646,18.233,23.619,31.206,35.193,47.18,35.766,51.753,42.34,38.526,53.713,35.9,45.887,9.873,16.26,4.247,2.634,8.02,4.807,27.594,0.78,4.376,18.171,6.566,10.361,3.356,10.951,7.946,13.741,5.336,-2.669,10.493,7.456,10.218,8.58,1.343,-3.682,-3.953,-3.675,7.557,3.188,-1.58,10.233,8.246,-1.94,1.65,14.041,6.232,18.623,21.613,15.004,11.995,9.186,6.177,20.967
6,-2,1,14.827,1.171,21.527,9.284,12.24,3.396,10.153,30.909,3.666,21.422,17.579,8.935,11.492,-0.152,10.203,15.557,9.112,10.067,10.421,-3.824,19.675,14.574,14.872,23.171,10.07,4.169,7.868,18.367,8.866,3.364,23.298,5.631,6.965,22.098,14.632,7.765,4.299,19.233,11.566,14.3,13.033,3.167,24.934,5.501,20.268,31.235,43.802,48.369,65.136,59.903,74.67,67.237,54.204,66.371,49.138,51.705,35.272,33.239,23.406,18.373,27.34,19.908,20.875,36.442,1.609,25.795,27.581,-0.632,17.545,28.323,7.701,22.478,22.856,20.234,7.211,13.589,7.767,8.944,23.122,19.299,10.677,1.255,26.649,11.444,-14.762,17.155,0.671,14.197,11.523,22.248,15.174,37.5,19.626,35.351,44.877,14.603,19.729,28.254
6,-2,2,21.494,3.708,21.922,2.736,7.977,23.219,18.261,11.702,7.744,26.385,19.827,14.068,16.11,17.352,9.593,5.635,15.076,15.518,-3.44,-8.845,0.201,21.05,8.498,12.946,5.195,7.443,12.692,21.74,15.589,4.037,15.126,6.815,14.904,15.194,5.483,8.772,17.061,12.95,25.239,14.129,22.618,16.307,8.796,16.885,17.374,18.264,25.153,59.242,46.531,63.82,65.309,70.199,66.088,64.777,58.666,34.755,34.244,23.134,15.023,18.112,14.401,24.09,4.779,20.869,10.358,15.247,26.336,17.025,19.515,14.004,7.093,14.982,23.671,4.96,6.85,-2.861,-1.809,-0.979,-0.361,-5.546,3.389,-0.876,-3.551,11.927,9.006,5.284,4.563,13.442,-8.68,12.657,28.595,14.732,14.07,20.807,10.345,19.082,8.02,26.357
6,-1,2,31.375,-3.12,31.744,24.807,4.071,13.135,9.399,7.063,10.527,16.79,19.054,15.518,6.382,5.646,-4.691,12.906,10.903,-1.1,18.484,12.667,24.251,0.634,20.625,3.816,9.407,-6.002,9.096,12.393,8.091,22.389,20.087,4.785,16.483,16.181,4.879,18.576,23.074,13.572,23.87,-1.632,11.044,18.32,9.596,7.472,22.548,44.224,42.3,52.376,44.852,63.527,84.203,68.079,71.555,71.431,65.107,43.783,26.459,24.735,21.611,20.687,11.363,14.839,8.115,6.591,11.667,11.943,5.819,35.094,23.57,12.846,15.722,5.798,5.674,4.55,-0.774,-11.908,2.519,16.972,6.025,-1.322,3.714,6.951,7.387,2.824,4.489,8.955,8.62,7.686,6.151,1.417,10.298,32.979,38.26,9.341,9.822,7.303,11.584,12.265
6,0,2,23.043,-0.131,31.694,15.719,2.544,22.595,0.846,8.307,34.167,25.427,6.488,11.348,10.208,21.869,10.329,7.39,7.85,11.71,7.371,24.031,-8.309,22.997,17.702,2.008,17.135,28.662,18.99,2.917,25.676,15.434,13.592,14.951,14.709,30.267,10.225,20.184,17.742,6.9,35.259,6.617,14.575,26.733,1.092,32.063,14.434,40.605,39.176,52.148,57.919,57.29,80.061,67.632,60.003,58.575,55.146,39.917,42.888,34.259,24.03,13.602,13.973,32.544,34.915,15.686,25.057,31.429,14.6,38.971,9.342,25.513,15.684,26.456,10.827,21.198,20.169,-9.26,-10.073,25.704,9.481,7.258,5.235,12.612,0.79,2.976,9.393,0.411,7.233,5.655,20.278,17.1,17.322,17.945,37.967,30.989,38.611,15.234,26.456,18.078
6,1,2,16.043,19.599,29.156,15.112,17.068,1.225,1.194,20.375,22.756,14.338,9.719,17.501,16.082,12.664,19.045,-2.174,-0.221,3.929,8.879,14.429,28.979,4.929,10.479,5.029,2.579,19.355,12.732,6.508,-4.915,12.779,12.073,10.968,22.662,9.356,5.651,12.945,24.039,17.334,19.028,24.522,2.816,14.94,12.663,8.587,23.91,24.034,37.957,30.481,69.204,61.928,55.051,59.175,69.298,60.622,53.545,49.069,33.192,28.116,19.239,15.363,23.286,24.81,23.733,-7.543,37.238,8.619,18.6,-0.019,7.362,-2.057,9.297,14.65,26.604,-2.842,2.673,4.387,4.902,19.617,0.531,2.252,7.773,7.093,9.614,3.934,4.255,12.775,12.296,1.017,1.148,-3.509,20.585,21.28,24.774,34.668,9.763,21.857,12.952,10.846
6,2,2,25.478,9.123,26.368,12.413,-5.342,13.024,15.589,14.155,27.12,29.685,7.851,6.416,14.182,6.547,17.512,10.678,15.243,2.209,25.397,11.386,5.575,2.764,9.382,18.6,3.018,17.467,7.116,9.566,3.215,-7.702,13.246,22.395,26.544,12.093,9.042,32.791,19.94,12.289,21.838,15.587,15.936,8.285,-2.166,20.352,40.671,26.99,52.509,27.828,61.147,75.265,56.784,65.303,73.822,55.741,57.86,49.378,28.097,31.416,27.135,18.254,23.373,13.691,19.01,18.729,28.048,12.367,14.085,23.604,13.923,-1.158,-7.054,39.93,1.315,10.314,18.314,4.113,7.913,4.112,11.112,4.911,-7.689,1.979,14.269,3.759,25.05,17.74,24.03,11.52,20.01,9.9,23.99,32.08,23.77,31.26,25.35,21.641,24.531,11.421
6,3,2,37.645,20.0,29.755,7.71,18.665,10.021,14.176,5.531,10.686,9.441,18.196,16.552,8.107,-2.938,17.18,10.498,11.416,25.333,5.051,3.369,11.087,28.405,17.523,8.241,9.959,21.277,3.994,-5.888,-1.454,1.363,26.994,6.825,22.856,12.487,3.718,-2.25,17.153,19.156,12.56,13.163,17.766,-4.03,-1.881,20.245,25.771,25.698,19.624,53.95,55.076,55.603,63.729,70.855,73.581,65.108,48.234,43.96,19.887,33.013,21.139,22.065,29.792,30.318,26.044,29.17,23.497,19.423,12.549,21.675,12.802,13.328,23.854,22.18,32.507,2.633,21.989,10.944,14.1,0.656,16.819,13.383,-11.254,23.888,7.43,22.972,-6.686,9.946,23.979,6.612,26.444,25.277,5.31,21.142,38.575,40.008,32.04,18.873,20.305,17.738
6,3,1,24.397,4.636,20.275,9.713,20.752,1.59,5.046,23.303,29.559,12.815,28.071,8.527,12.783,-7.561,1.752,15.885,20.617,5.75,9.482,15.215,17.347,11.88,12.412,19.545,5.277,5.01,5.542,17.875,13.007,11.54,21.672,4.205,17.337,11.67,8.602,9.535,5.667,-5.0,23.448,11.696,7.145,22.993,3.641,20.727,14.212,17.698,27.983,41.868,44.754,41.839,60.725,65.81,65.496,42.381,24.067,30.152,14.238,22.723,14.209,4.494,27.58,9.265,6.551,12.036,8.522,18.207,20.493,-10.822,15.404,12.63,17.855,12.281,15.707,17.532,6.158,1.784,8.029,12.874,1.72,6.384,4.448,5.313,6.377,4.441,6.706,-1.43,-0.584,3.855,20.694,9.933,4.971,14.81,15.249,28.888,21.127,0.366,29.009,16.052
6,3,0,29.325,23.015,22.906,16.196,8.086,6.776,0.067,26.558,24.649,15.54,7.831,12.722,7.213,-0.696,1.986,26.489,11.992,18.095,-11.002,15.446,15.493,5.941,14.588,20.836,18.883,25.331,-5.021,11.145,10.912,2.878,15.245,18.011,14.978,12.944,6.111,11.678,14.644,0.611,13.584,32.958,15.331,22.905,4.078,-1.348,14.008,6.164,19.921,21.677,44.833,35.949,45.465,50.982,39.898,46.614,13.73,16.446,22.763,20.279,4.795,9.751,5.308,4.264,18.62,1.176,-2.655,8.878,17.811,12.544,3.078,5.411,10.544,1.877,13.41,16.143,6.276,-2.391,1.512,24.215,-1.882,1.997,5.277,4.757,4.236,7.716,3.796,13.675,3.755,0.635,2.121,0.407,5.097,0.788,22.886,-0.615,20.676,3.568,11.459,10.951
6,3,-1,27.747,4.219,-2.71,19.129,11.167,18.005,12.243,9.482,9.92,1.558,-3.804,16.584,-4.028,3.706,11.24,6.575,12.109,0.243,-0.22,3.314,16.648,3.982,13.317,8.051,13.985,-2.281,15.625,6.731,1.637,8.759,-1.718,16.383,7.084,23.786,4.687,5.789,3.49,4.791,1.893,13.014,0.135,18.257,17.38,4.502,10.825,17.548,18.47,21.793,47.915,49.238,40.16,40.483,65.606,28.128,31.251,27.773,20.296,36.419,19.741,18.264,21.986,20.709,7.432,19.754,11.077,8.199,19.922,15.444,14.167,9.69,-9.188,4.954,2.296,10.461,5.227,-1.407,17.541,4.889,15.237,4.185,27.733,14.881,3.829,-1.223,-1.091,4.829,4.148,9.267,12.386,17.905,9.424,18.543,6.663,16.182,33.101,17.62,19.539,8.258
6,3,-2,37.964,2.332,15.1,-2.733,20.598,17.928,-7.742,31.035,13.013,22.79,34.767,5.945,8.722,27.899,13.277,5.254,13.431,0.209,-1.412,18.35,10.112,15.074,5.636,11.198,7.96,7.722,5.284,20.846,3.608,2.17,-1.668,11.872,12.012,21.352,599.493,491.033,274.373,114.713,30.254,99.194,276.534,360.874,59.215,8.355,10.895,6.035,21.575,28.516,38.056,35.796,45.936,30.077,27.617,34.957,47.097,25.237,24.578,10.518,23.658,11.398,18.939,7.479,12.419,16.759,17.3,23.04,15.38,-6.48,10.945,17.77,10.594,3.819,9.244,0.868,23.302,-1.864,17.146,-5.044,-0.312,11.216,-6.056,9.37,-0.003,4.623,7.85,1.476,16.503,-3.471,1.308,7.086,-0.535,5.038,16.41,6.783,24.156,17.728,24.101,23.474
6,3,-3,25.228,8.872,20.315,19.958,19.402,15.045,21.089,19.932,28.376,13.219,13.863,8.906,13.949,7.193,4.236,-4.52,0.857,0.443,5.434,15.025,-2.784,11.77,11.324,7.078,9.632,6.987,7.941,2.895,-4.951,-4.072,3.747,6.766,11.785,8.004,9.423,7.042,12.862,17.881,19.5,0.719,5.746,21.373,7.4,14.427,19.654,15.881,10.708,22.935,47.362,38.389,44.616,36.443,35.87,21.696,32.323,18.95,18.777,18.804,8.031,3.658,0.285,23.715,5.945,13.776,5.206,7.636,8.266,1.296,10.94,16.384,2.228,12.871,11.115,21.559,7.403,6.046,17.69,0.734,5.986,0.237,21.292,4.146,13.0,1.655,6.126,-9.402,24.072,4.546,18.22,17.695,10.969,4.043,15.717,30.191,23.465,-1.261,18.598,14.657
6,2,-3,34.493,2.83,7.967,9.705,-4.358,19.918,12.395,33.671,16.948,8.024,23.501,10.177,5.254,3.13,1.207,5.096,15.786,16.075,-1.836,0.831,10.507,14.782,0.458,3.139,12.819,8.3,-1.819,10.839,10.696,-1.246,12.197,7.439,8.882,31.524,5.766,13.609,15.051,18.294,29.936,17.179,-10.779,20.64,19.659,5.477,27.096,12.315,27.733,52.952,34.371,29.59,52.408,36.827,46.446,34.464,40.683,31.302,25.521,8.539,17.158,8.977,7.195,30.214,27.633,10.252,22.27,7.489,17.308,8.726,9.345,20.764,12.183,2.401,23.645,16.488,9.931,13.374,-1.582,3.842,12.665,20.289,3.313,19.737,-3.839,-1.266,-3.709,24.6,6.108,21.016,21.325,25.433,35.942,22.85,12.558,10.267,22.775,-0.116,23.791,9.498
6,1,-3,19.043,14.029,22.815,20.401,21.187,-4.427,19.69,26.606,25.723,27.24,27.156,0.673,5.598,15.322,11.046,8.971,8.895,28.42,-0.256,12.665,14.587,9.168,11.949,11.73,-2.288,19.059,7.207,12.955,17.902,9.25,5.597,18.885,10.973,28.26,28.948,34.636,16.723,11.811,12.298,18.586,10.874,12.761,22.249,28.737,10.624,22.912,28.199,31.287,45.575,40.062,46.95,59.438,54.925,46.613,33.1,32.988,30.276,16.963,32.651,15.939,20.426,-2.686,11.963,17.011,6.66,10.509,2.958,15.606,22.255,10.504,2.153,13.623,16.294,1.965,4.256,11.347,-4.162,13.867,-1.504,9.706,5.716,2.126,4.536,-2.253,-2.272,10.479,12.23,9.582,5.733,16.685,-1.964,20.763,3.489,21.416,41.342,10.869,20.395,7.522
6,0,-3,15.895,7.852,16.41,12.367,17.325,8.082,11.04,19.397,19.155,15.112,10.67,4.627,18.032,3.436,-1.125,17.102,22.53,5.557,14.584,8.811,15.638,7.665,29.292,15.319,8.546,-1.827,16.98,19.786,-12.007,6.838,18.484,2.33,-3.8,17.226,15.852,12.878,3.104,11.762,9.221,11.479,-1.463,-1.621,17.802,25.226,5.449,35.128,37.606,39.484,46.763,42.841,45.919,55.598,43.676,41.355,55.833,24.711,26.59,30.268,13.746,12.025,19.503,0.182,15.462,22.942,19.023,9.703,17.183,-1.736,10.125,5.185,2.046,16.929,12.411,4.493,-3.025,17.423,2.071,-4.059,-8.636,2.68,8.623,0.566,14.516,12.865,1.814,16.583,14.551,8.919,20.487,9.856,13.424,22.192,13.16,22.729,13.697,11.265,17.834,3.202
6,-1,-3,22.401,-3.785,17.978,23.34,11.702,23.064,28.226,13.988,23.15,17.312,0.274,4.639,11.604,4.969,6.335,15.1,11.665,10.43,9.795,11.76,12.925,-1.709,20.434,3.378,30.322,6.666,-0.79,17.144,0.479,19.619,13.358,15.498,10.638,15.178,13.117,28.257,-2.003,0.712,25.235,11.757,-0.92,15.591,19.303,36.615,22.127,24.839,50.951,39.862,47.974,55.686,64.998,71.71,63.422,76.733,39.645,41.757,30.869,20.581,27.293,25.604,14.116,34.428,15.54,11.052,11.564,3.075,4.987,25.099,12.611,13.323,5.234,-1.854,5.634,3.322,1.81,20.317,7.424,12.931,-6.162,-0.757,5.84,17.637,-8.566,16.069,18.705,15.341,24.377,1.813,21.467,28.922,16.177,9.431,13.686,32.541,17.996,19.05,4.705,15.16
6,-2,-3,16.521,1.676,26.649,5.822,25.595,14.969,12.142,27.315,20.688,15.661,6.034,7.608,15.981,20.954,18.327,19.5,12.474,25.047,27.62,16.793,18.166,11.74,12.913,18.886,6.659,10.832,15.006,9.379,5.552,2.325,-2.675,26.286,3.848,15.85,6.653,15.656,23.458,13.461,7.463,19.466,22.269,10.671,12.474,22.877,23.679,33.682,46.284,44.687,53.09,70.692,77.695,82.897,71.5,73.503,72.705,54.908,45.111,30.913,24.916,13.918,39.921,27.924,8.926,-5.471,15.439,16.348,17.258,17.968,14.077,25.387,6.097,12.406,14.316,7.826,18.535,-6.555,9.241,23.037,12.233,3.628,-10.737,23.876,14.688,20.1,-4.288,16.658,6.803,19.949,30.095,10.241,18.387,17.932,11.878,30.624,37.57,24.516,35.061,27.207
6,-3,-3,32.173,0.88,8.597,24.113,4.23,-7.254,1.349,36.565,11.982,19.199,17.616,6.033,19.849,18.666,-6.317,-1.796,9.502,1.601,28.516,18.432,5.347,23.063,23.178,14.294,8.609,15.724,31.44,22.755,10.071,11.386,8.502,18.017,25.933,22.448,7.764,-3.721,2.142,10.228,13.115,6.201,2.687,22.801,32.315,32.83,37.144,52.058,39.773,60.687,61.001,80.315,78.83,77.944,64.058,54.573,56.887,62.001,47.115,31.63,24.944,35.658,18.973,17.487,24.601,16.516,9.63,12.744,23.858,15.973,8.287,8.401,6.516,18.83,24.144,15.458,12.773,5.487,7.601,-5.684,7.341,14.966,-1.809,0.594,4.802,-3.189,15.177,-0.257,24.706,22.469,22.631,11.594,25.757,31.92,38.683,23.245,35.208,26.771,39.534,3.897
6,-3,-2,32.306,8.009,11.112,5.815,13.118,8.221,-3.076,24.783,7.842,4.902,8.961,2.02,15.279,-2.262,11.767,9.996,8.025,0.055,7.284,-6.086,6.23,6.947,10.863,17.779,10.895,9.212,18.928,33.844,9.96,-1.723,11.972,8.266,22.161,16.056,3.751,15.046,-0.859,4.026,15.111,22.396,5.281,10.366,4.451,19.736,13.421,29.106,40.991,38.276,55.961,57.047,66.532,60.617,62.102,54.387,44.672,23.557,32.042,24.327,11.012,18.497,14.182,24.867,0.952,6.237,12.722,12.207,0.892,8.377,16.863,11.748,9.433,22.518,3.803,-1.312,2.557,12.626,3.496,13.765,-0.166,1.702,-5.231,-1.853,11.501,-0.745,-1.799,11.124,15.647,20.37,-1.707,11.795,17.496,17.598,18.7,28.401,42.903,16.404,-6.694,24.873
6,-3,-1,16.57,8.132,5.095,23.457,27.419,13.182,18.144,24.506,17.868,10.231,11.593,24.155,4.118,0.28,1.046,5.223,8.0,23.177,15.154,2.731,16.336,9.541,12.746,15.351,20.356,21.561,11.766,14.371,4.376,-7.019,7.061,8.742,-0.778,11.093,0.163,9.036,13.308,15.181,16.253,25.726,14.998,21.27,21.543,32.615,13.688,13.16,33.833,49.105,47.778,71.45,64.523,56.995,51.868,68.14,56.613,44.485,40.758,41.43,26.503,26.575,31.248,12.72,19.593,23.665,6.938,-2.59,10.645,19.879,15.514,20.549,7.383,8.818,22.452,6.287,9.321,12.356,11.991,2.825,-4.71,17.48,14.87,-2.539,-5.585,11.479,4.342,23.805,13.868,8.531,12.995,15.258,10.921,11.984,31.248,23.111,22.174,34.037,20.7,13.964
6,-3,0,17.797,1.968,18.738,13.709,5.479,13.65,13.22,19.59,17.361,8.731,0.702,18.88,4.257,-2.965,11.974,11.513,5.251,5.59,5.729,7.268,19.007,13.545,1.884,16.823,6.762,12.101,12.039,9.378,-3.083,-0.785,-1.296,0.578,2.458,6.338,4.417,19.497,7.177,14.257,3.937,18.217,0.297,7.58,-0.337,21.942,8.821,12.701,37.38,37.459,50.738,49.418,60.697,80.776,60.055,48.535,57.014,50.693,22.573,33.652,21.331,21.01,15.49,15.569,22.648,16.927,16.207,11.486,1.365,19.859,4.552,3.646,6.939,10.833,13.926,3.42,-2.487,-0.426,9.03,9.286,0.942,-4.792,3.401,0.795,2.396,-1.402,-2.417,4.737,-4.31,10.78,20.67,12.36,28.05,22.74,33.43,4.52,24.81,20.7,18.59,11.481
6,-3,1,22.559,-7.217,17.28,5.177,8.874,18.372,8.269,9.766,17.263,19.96,23.258,11.555,9.052,1.349,5.061,-0.028,20.283,0.795,10.915,7.634,8.954,22.274,18.394,4.314,-2.766,4.716,15.598,6.28,19.962,4.045,3.327,-3.791,7.636,10.263,9.289,8.116,16.743,8.17,36.597,8.024,1.05,2.689,11.955,21.42,21.086,23.151,27.417,31.883,43.748,68.014,65.28,49.545,74.011,70.476,47.742,48.608,20.473,29.339,33.004,9.27,15.536,18.401,14.667,5.132,0.598,14.271,16.143,14.816,5.488,-0.839,4.623,3.085,6.947,5.609,12.671,-5.067,4.915,3.896,-3.123,14.615,9.152,3.49,4.827,5.765,-0.098,2.038,8.595,13.352,4.71,14.267,25.624,21.381,18.538,22.495,32.052,16.009,20.567,4.324
6,-3,2,19.275,2.465,4.28,-0.705,11.501,0.907,11.524,6.14,7.357,9.573,9.19,6.006,13.422,9.439,5.655,17.872,16.888,15.905,19.721,7.538,29.154,24.971,8.987,8.204,6.42,6.236,18.453,5.069,11.286,0.302,17.522,6.543,16.163,5.183,6.003,7.023,11.243,15.264,15.484,4.504,21.124,18.544,22.564,0.585,27.012,24.039,48.665,30.492,77.719,65.146,78.973,85.6,73.227,68.654,72.481,62.108,50.335,46.362,22.189,15.016,23.243,29.47,32.097,28.923,26.15,21.177,26.404,1.231,20.871,-2.289,-6.478,11.03,27.138,-2.353,-2.675,8.369,6.614,19.458,-5.898,2.856,13.81,11.364,-1.682,13.852,-6.815,19.811,8.636,22.061,31.086,26.911,0.936,23.571,21.205,31.84,26.275,41.91,25.544,16.779
6,-3,3,22.313,21.133,15.752,14.772,24.791,11.411,11.231,20.85,26.27,17.889,17.709,21.929,-0.252,-7.236,26.214,23.864,22.715,42.765,38.215,25.866,31.116,43.566,34.016,32.867,11.517,32.567,23.818,28.068,11.518,25.768,31.219,16.469,17.519,25.57,31.42,21.47,19.12,27.171,33.621,15.471,15.922,14.772,24.822,17.672,34.323,26.173,26.623,72.074,77.124,77.774,114.824,83.475,100.725,76.775,76.426,61.876,47.726,45.777,21.227,37.877,16.127,21.578,6.228,18.342,16.055,24.369,20.282,18.196,25.309,27.623,15.937,10.65,1.564,12.296,24.428,26.761,-2.107,8.796,14.898,-8.599,2.735,17.298,12.862,-2.575,25.153,12.881,1.209,27.15,19.291,24.633,16.174,39.315,31.656,22.598,26.139,34.28,15.622,5.963
6,-2,3,38.724,-2.889,19.863,-1.986,13.143,-0.528,-7.605,26.409,1.022,4.246,10.07,8.095,10.519,20.343,16.367,10.991,36.815,32.639,52.063,38.887,51.711,48.136,42.56,36.984,4.608,9.632,4.256,6.68,16.704,3.928,10.192,24.055,16.519,19.582,-11.354,1.906,20.587,15.268,7.949,23.63,23.911,12.792,8.673,6.754,45.435,41.317,44.198,45.879,74.96,86.441,87.722,85.003,79.884,95.165,63.446,47.127,51.608,34.089,30.77,15.851,29.732,28.813,31.494,15.775,0.656,-2.455,9.002,15.86,12.118,17.176,18.434,17.492,-1.05,16.195,7.041,12.887,-2.268,6.551,11.169,0.987,1.216,8.857,-0.101,6.339,-13.021,7.785,2.19,16.217,27.045,13.272,17.099,25.527,32.354,17.582,32.009,13.036,32.464,17.291
6,-1,3,10.336,0.039,14.541,23.044,8.747,7.249,8.552,27.255,3.758,16.26,34.963,17.666,2.769,11.099,-2.57,37.327,69.425,75.122,101.02,115.917,101.215,108.912,91.01,64.107,28.405,15.502,9.4,5.697,-2.405,7.46,13.526,4.991,8.057,1.322,15.603,-2.317,11.933,6.182,17.432,19.082,38.332,14.181,16.831,16.881,27.531,45.58,44.03,56.08,74.73,84.179,95.429,81.679,92.329,73.978,72.028,44.478,42.328,33.377,32.427,15.677,14.927,15.776,7.026,16.876,12.326,16.575,20.025,8.675,19.525,1.574,16.241,8.908,16.175,4.842,6.708,-5.825,-4.445,8.073,-1.008,15.498,-2.796,4.475,-0.255,-6.987,3.772,7.732,-0.908,24.042,4.791,22.34,14.889,15.439,31.588,27.737,31.687,12.636,6.985,25.334
6,0,3,25.724,-3.821,10.587,14.795,24.802,1.81,5.837,8.863,15.689,0.316,-3.054,-5.862,14.052,17.966,13.08,51.393,87.707,121.821,148.734,186.848,188.362,187.475,159.389,130.903,44.217,12.33,10.044,9.758,3.871,11.825,6.778,15.732,-6.315,13.748,4.411,9.519,10.626,9.134,-1.558,12.53,14.618,3.707,18.234,11.961,21.088,27.015,54.542,42.669,76.196,78.723,79.25,77.577,98.704,71.631,78.158,45.886,56.013,20.14,21.067,18.594,11.121,22.648,32.775,10.302,26.229,9.756,-2.117,14.184,8.285,10.986,7.886,15.587,24.888,-4.011,-6.961,22.192,2.546,-0.475,5.298,-0.328,1.042,-6.177,12.123,-0.978,14.911,18.6,10.689,15.378,23.667,-1.045,20.833,32.31,21.187,20.665,35.742,16.019,23.497,12.374
6,1,3,14.973,-4.678,20.801,12.279,23.558,5.437,27.17,22.703,6.836,16.769,9.302,1.236,17.584,13.132,11.28,70.428,96.776,136.925,158.473,177.421,178.969,165.717,152.866,123.014,50.162,18.51,16.858,-0.394,26.749,10.492,10.436,2.979,11.155,9.532,-8.491,18.931,6.952,8.974,4.395,15.264,12.932,21.4,8.668,8.936,19.004,47.273,42.141,49.009,66.077,56.745,91.813,90.082,81.95,82.818,70.286,51.954,35.022,25.49,14.159,35.627,11.695,10.763,11.231,28.899,18.968,-2.364,9.073,22.11,7.948,19.185,6.623,18.86,15.497,1.135,7.784,11.434,-6.316,-2.358,-0.229,2.497,12.824,6.551,1.077,15.415,15.153,16.091,21.828,0.366,-3.092,30.012,6.916,19.219,33.123,8.027,39.131,31.435,14.738,9.642
6,2,3,18.32,-7.102,17.366,24.234,21.703,4.571,7.486,32.001,7.517,9.032,17.747,8.262,-2.022,13.266,23.954,42.442,100.131,136.619,160.507,185.196,211.884,203.772,176.461,130.549,49.237,17.326,7.014,9.302,2.99,25.113,2.835,9.789,12.744,17.698,-6.747,9.298,4.142,13.233,17.523,14.814,31.304,18.795,11.485,21.776,33.066,34.357,34.847,63.538,58.829,88.519,88.21,110.9,87.191,82.281,64.972,50.862,39.953,41.643,29.134,36.624,21.115,25.806,15.696,34.787,33.077,21.368,15.858,16.149,10.039,13.73,5.82,9.711,13.801,-4.508,20.519,6.545,13.972,11.998,-2.575,-3.182,21.57,15.522,0.674,4.834,-7.407,28.041,13.29,18.538,29.186,25.234,21.683,34.931,25.779,39.027,30.675,20.924,17.972,15.62
6,3,3,27.93,0.997,17.474,7.552,7.43,-5.093,7.915,15.923,7.13,1.938,11.167,5.195,12.824,14.052,4.281,35.109,99.138,134.566,166.595,194.823,192.651,204.48,179.708,162.737,70.765,16.794,0.022,0.851,-5.711,0.448,13.211,9.774,2.337,13.926,16.314,20.103,11.091,12.08,21.268,23.656,19.645,22.433,9.222,36.01,22.399,24.787,46.375,54.764,82.152,105.141,77.129,62.117,72.106,86.294,70.883,53.871,38.06,38.848,31.236,26.425,11.813,18.002,23.59,24.979,27.367,18.955,27.744,1.732,4.139,-12.454,3.935,0.924,4.924,-3.077,5.883,13.044,23.805,-3.234,1.087,-3.381,1.509,4.215,18.721,18.427,14.533,29.84,-4.454,14.194,5.242,7.091,12.339,25.788,41.036,33.484,22.733,16.781,30.23,15.878
6,4,3,24.104,-5.06,4.703,10.915,-6.674,32.834,7.942,20.849,8.557,7.265,23.572,18.28,26.587,8.695,10.603,39.51,95.818,142.925,179.833,204.941,230.448,214.156,185.664,135.171,70.679,16.386,7.294,10.202,18.709,3.817,7.368,13.918,16.469,11.02,9.371,14.321,16.472,-2.977,18.931,29.439,21.147,19.655,18.963,15.671,21.979,32.087,50.995,46.903,58.611,63.72,70.628,74.936,111.044,83.552,55.46,69.168,30.076,26.184,30.092,21.4,24.708,17.016,15.124,16.832,33.54,20.048,29.556,24.464,6.172,1.28,1.203,-8.862,21.135,2.932,-2.241,7.759,7.958,2.358,14.582,-8.994,-2.109,4.751,9.61,-1.73,17.509,14.148,15.787,20.825,18.464,24.503,15.542,6.981,15.22,26.059,12.898,30.937,20.176,16.415
6,4,2,23.75,6.587,17.224,7.061,9.098,11.736,13.973,21.81,1.047,18.696,1.144,4.805,14.467,-1.872,27.766,47.604,103.442,162.48,188.518,207.356,227.994,195.832,179.07,140.309,31.947,12.585,11.823,-0.139,-2.303,9.905,-2.487,6.29,-2.934,20.605,2.944,10.512,15.681,26.249,3.017,14.216,6.015,2.613,-3.561,24.617,22.995,26.574,18.552,34.731,54.509,57.087,75.266,75.044,59.422,44.001,48.579,42.757,18.936,36.714,26.093,9.871,16.249,21.628,21.406,2.584,12.99,13.995,8.0,18.805,11.41,0.415,9.825,16.035,6.845,-10.345,12.682,-4.491,-1.325,-3.176,15.333,9.441,14.949,20.257,10.566,19.874,19.182,17.09,14.598,19.907,11.615,22.523,12.431,27.94,8.848,45.956,24.864,16.173,27.481,9.189
6,4,1,20.207,11.804,13.401,24.998,9.995,5.392,13.189,16.386,25.383,17.98,13.777,-4.826,13.495,16.417,29.138,77.46,105.381,148.103,182.624,191.745,207.867,170.988,144.71,95.231,16.153,15.274,3.196,1.15,7.117,18.284,-0.148,17.217,4.583,22.348,2.114,5.502,-3.309,10.232,-3.227,10.668,12.763,6.658,16.953,20.648,20.143,19.638,23.133,41.828,53.123,46.018,43.913,81.408,43.903,52.398,34.093,29.388,28.683,22.578,24.673,17.968,24.863,18.958,5.653,6.348,8.643,11.138,11.833,27.328,0.023,4.918,16.214,8.309,1.004,14.911,-2.183,5.495,12.974,20.252,5.33,-9.992,10.099,11.991,23.282,-1.027,1.652,23.948,10.444,16.94,13.436,1.532,26.644,20.756,16.268,28.98,27.892,22.404,27.716,9.028
6,4,0,18.212,15.183,-4.445,39.66,23.765,19.07,-0.225,16.078,12.38,8.882,39.384,31.886,13.388,29.891,50.593,104.095,154.997,188.499,200.602,236.504,220.806,197.308,173.81,98.113,22.815,-0.683,18.61,13.504,-0.003,12.091,9.384,-0.122,16.17,10.462,11.353,-2.555,23.903,15.16,19.617,5.674,16.932,13.789,3.246,9.538,5.23,12.921,32.613,48.905,43.596,26.288,50.78,48.471,38.163,40.055,39.546,32.238,35.13,24.421,24.313,25.205,3.697,1.188,27.893,30.598,14.502,8.407,10.912,17.416,12.121,-0.374,9.926,13.026,19.927,10.627,-5.472,8.153,9.178,15.003,7.628,10.853,7.878,5.503,-2.872,-3.282,-3.533,17.572,3.677,15.382,13.487,17.592,22.297,5.402,18.106,5.811,18.116,11.021,-1.274,11.616
6,4,-1,21.4,9.213,9.426,18.439,21.453,17.666,15.479,22.092,23.505,8.118,6.331,2.945,27.19,20.235,51.281,95.526,128.972,150.217,188.863,215.108,210.754,166.799,139.844,94.69,10.535,14.181,-8.974,20.298,-1.031,20.028,19.686,-0.456,3.997,23.649,12.502,24.355,12.007,4.06,-1.688,12.743,7.973,5.004,2.435,8.091,6.947,23.604,13.06,31.116,30.173,43.229,37.286,19.742,40.198,36.055,40.711,22.967,21.224,11.88,25.937,12.593,9.849,26.706,22.162,10.819,-0.125,8.93,2.985,11.64,7.895,-3.65,9.757,7.565,11.572,-0.02,1.187,-0.593,1.619,2.232,9.245,-0.342,-3.933,9.825,-1.416,-5.874,14.586,8.245,10.905,-1.236,0.41,8.06,20.71,11.96,10.41,9.86,20.11,17.36,1.01,15.06
6,4,-2,29.056,13.536,13.017,15.497,11.777,10.457,12.337,25.218,14.898,27.378,5.458,11.538,19.019,0.699,20.187,38.076,46.164,49.452,67.941,52.429,77.318,64.206,64.694,21.783,18.071,-3.04,13.004,-2.551,10.258,12.867,-1.524,5.864,16.853,8.842,-8.17,12.857,2.884,20.541,5.997,22.654,18.911,17.568,11.824,12.481,15.138,23.594,17.051,39.508,25.765,36.621,41.078,45.335,36.792,26.648,42.705,26.562,15.819,25.875,20.532,4.589,20.446,15.302,12.959,2.416,7.498,7.981,15.463,10.346,11.228,0.31,3.997,2.283,9.193,13.503,9.813,10.124,5.034,3.544,18.654,7.764,-5.725,7.889,19.303,15.917,8.131,4.546,4.96,14.574,6.988,16.403,9.417,12.031,7.845,20.46,28.474,18.488,-2.298,1.686
6,4,-3,20.685,-0.509,18.091,7.291,17.291,6.691,-0.508,27.686,8.881,-1.125,18.657,10.439,6.021,0.202,6.186,28.37,46.554,49.538,71.322,58.106,72.09,49.674,55.657,51.441,17.825,6.609,10.593,18.377,0.161,2.947,3.532,8.718,22.504,-1.911,0.251,16.015,12.979,5.944,2.308,9.495,17.883,5.67,7.058,18.445,15.232,5.62,18.607,19.795,38.982,37.77,32.757,33.344,35.732,30.919,27.907,22.894,22.282,14.469,13.657,15.244,15.631,2.619,11.006,1.794,15.8,2.006,-0.768,10.049,10.266,12.483,26.3,19.517,0.334,4.755,5.976,7.197,21.818,-12.361,5.358,1.477,25.212,7.347,7.082,1.217,-2.835,8.674,-5.416,9.408,17.032,12.057,9.081,12.506,10.13,20.154,25.379,17.003,16.628,17.652
6,4,-4,4.077,0.518,11.364,-3.79,8.213,4.016,8.059,24.502,7.545,2.788,0.46,31.136,9.013,25.29,26.566,38.643,38.719,47.796,58.473,56.949,48.026,58.503,44.779,34.056,13.132,4.809,2.534,7.485,5.436,9.387,9.938,6.289,14.64,7.191,21.743,-0.706,15.637,3.98,0.764,-1.045,10.535,3.915,-6.266,13.878,7.223,-3.033,16.277,20.786,36.696,27.606,27.116,40.625,50.535,13.845,20.955,12.465,11.774,2.484,0.419,0.359,28.503,17.647,7.991,7.334,13.478,4.222,13.766,2.109,15.275,-4.56,-0.047,-4.734,16.924,-4.017,18.996,10.409,8.022,21.635,12.249,13.262,12.475,-0.512,-0.104,-0.698,-0.098,6.7,14.898,-5.304,12.833,30.57,19.707,9.244,14.981,-3.882,30.811,22.704,8.798,10.691
6,3,-4,31.004,2.712,11.42,15.528,14.036,3.344,3.851,14.959,0.667,17.182,-6.903,2.1,13.123,19.947,13.97,39.793,42.817,55.64,59.264,63.287,53.711,63.934,44.558,20.581,6.805,-1.172,13.037,18.446,3.655,1.864,6.493,4.722,11.75,10.179,13.807,-5.164,16.386,3.336,16.287,17.037,17.387,24.338,4.488,12.638,0.789,30.148,36.707,17.465,24.424,37.983,32.942,44.301,47.86,35.819,21.178,25.537,8.296,15.854,7.413,-4.628,9.465,1.758,7.069,3.18,31.09,13.001,8.312,-4.377,8.872,12.521,14.771,0.22,4.472,0.524,-7.219,22.52,0.66,5.206,12.352,21.099,10.245,12.391,17.738,7.684,16.23,10.177,24.323,10.269,-2.784,4.526,26.637,15.147,19.058,30.368,32.079,8.789,13.9,9.01
6,2,-4,20.817,11.223,18.429,5.235,-0.558,5.441,9.84,19.839,10.439,9.838,10.637,8.837,-3.164,17.39,23.344,53.098,41.852,61.406,81.76,87.315,75.269,61.023,61.377,32.131,20.685,15.039,16.993,10.147,-4.899,11.38,-1.942,1.311,18.578,5.046,2.513,6.205,25.698,8.791,6.883,14.176,1.068,23.573,19.277,15.981,13.486,5.59,26.094,20.399,33.903,36.207,34.512,46.416,35.32,45.225,16.929,30.633,11.338,1.642,26.563,13.885,15.806,15.328,21.249,4.171,20.092,12.614,8.535,4.856,-5.622,-4.789,-2.828,7.896,10.22,7.744,17.668,6.191,2.715,11.039,14.563,0.087,18.011,2.736,11.061,0.786,9.919,4.252,8.985,15.118,13.451,7.584,-2.283,14.822,19.126,13.631,25.135,23.44,11.744,9.649
6,1,-4,19.84,15.022,13.005,22.787,-3.031,11.706,13.243,21.18,17.317,1.253,9.405,16.156,10.307,0.459,22.415,33.372,65.929,56.086,58.443,58.84,80.637,57.433,42.43,30.027,14.024,16.221,15.218,12.615,0.011,3.969,6.926,14.483,16.84,18.197,17.554,7.511,23.068,10.625,19.182,1.939,-2.283,20.462,21.808,10.953,20.098,18.244,20.389,17.335,28.28,45.025,36.971,40.516,42.462,32.607,34.352,23.498,7.443,19.389,9.934,8.88,15.025,14.77,30.716,19.661,-0.393,24.547,7.688,10.428,-4.431,22.837,16.306,3.175,28.444,23.512,13.981,4.85,-4.281,11.52,3.321,8.522,15.124,20.325,18.326,0.727,13.737,-2.454,16.122,8.897,9.273,22.048,7.624,4.2,18.375,23.151,26.127,3.502,28.478,2.653
6,0,-4,29.272,2.162,6.075,-5.013,13.828,2.068,3.93,15.592,0.654,10.724,10.193,28.662,15.932,7.001,21.471,32.34,36.01,38.479,57.149,76.818,69.688,45.357,43.626,22.096,16.965,6.635,13.504,-4.226,8.979,0.584,8.797,8.409,9.022,22.234,14.647,8.659,7.872,9.084,14.097,15.709,22.322,3.934,19.189,15.443,13.698,29.752,32.407,22.261,49.316,51.37,55.825,57.879,52.934,56.188,42.843,33.497,33.552,14.806,9.861,10.515,10.57,8.824,16.679,11.933,25.388,11.442,-9.503,20.373,2.25,14.55,15.051,16.952,26.853,11.754,18.055,-4.444,-2.007,15.405,-4.784,19.959,3.301,6.676,14.251,8.027,10.802,9.978,23.153,22.928,22.504,14.279,10.255,19.43,34.406,19.581,38.956,23.732,14.307,2.483
6,-1,-4,20.335,0.137,17.141,1.545,17.164,-0.216,12.601,12.418,29.635,14.652,7.469,6.486,10.103,1.92,13.756,34.593,35.029,47.466,63.902,60.139,68.175,74.812,50.248,31.085,11.321,5.558,6.994,1.031,-4.122,11.067,4.055,5.243,10.231,8.219,27.807,6.396,10.784,1.772,17.979,14.385,11.992,9.199,8.805,-7.188,13.698,27.384,31.47,30.555,65.241,59.127,51.413,70.899,72.385,50.47,44.756,43.442,42.328,13.214,26.9,12.385,29.271,16.757,1.443,1.344,12.458,22.772,12.487,18.601,5.516,-5.17,2.869,14.308,11.346,12.785,-2.776,4.227,-2.37,12.003,1.577,7.766,-0.444,4.74,7.524,-2.891,-7.544,18.079,8.303,16.126,20.749,10.972,10.596,12.419,12.442,24.265,23.489,23.712,25.335,17.758
6,-2,-4,26.966,0.223,17.482,13.142,12.401,6.26,-1.68,24.159,7.398,6.637,6.677,9.316,-2.445,3.163,14.372,21.58,15.989,10.997,25.406,24.014,31.423,18.031,23.44,21.248,14.857,25.265,10.874,17.682,11.691,21.099,-0.092,11.715,7.323,15.13,-2.262,9.916,15.895,16.874,27.853,26.231,17.81,-5.611,21.485,20.382,16.079,29.375,28.472,66.768,44.465,65.162,67.858,68.155,77.252,61.548,68.245,46.542,25.438,28.935,34.032,18.728,27.025,15.121,18.018,6.515,34.211,19.108,4.205,13.701,8.598,8.695,-7.409,2.171,12.573,3.175,11.377,-2.02,17.557,-1.066,4.699,-1.537,5.41,9.556,9.702,10.648,-6.406,21.846,-3.503,18.303,17.509,5.515,13.921,25.927,24.533,22.939,31.545,17.751,8.557,20.363
6,-3,-4,13.772,-1.899,4.206,24.31,13.214,3.719,13.623,23.127,18.832,8.136,27.84,16.744,11.849,18.753,0.257,11.965,23.872,17.98,15.287,30.795,30.102,43.809,26.917,13.824,12.732,-0.361,9.342,24.645,17.547,12.25,25.353,14.056,-4.041,14.398,19.037,7.076,15.715,18.554,6.993,12.032,20.871,21.91,18.549,28.988,21.627,45.666,39.105,40.344,63.583,56.622,66.662,75.901,76.14,55.979,63.818,38.257,57.296,17.735,24.974,18.613,11.252,18.091,9.73,8.169,10.208,23.847,9.686,30.326,-0.835,24.393,12.221,22.449,24.077,-4.095,2.272,12.264,-2.545,16.213,10.37,11.527,-6.515,10.936,22.787,4.439,10.09,-0.059,-1.008,8.231,9.669,21.508,17.346,19.385,20.223,22.662,31.3,18.539,10.177,17.216
6,-4,-4,30.528,0.433,-1.857,-3.569,15.476,0.321,10.569,5.817,13.265,25.513,-3.839,0.761,9.769,16.577,18.385,25.993,34.401,31.609,39.817,58.025,63.633,66.841,50.248,20.456,21.664,4.672,14.08,-0.112,-1.105,14.689,-1.918,6.453,-1.376,7.578,4.933,19.287,6.441,-2.804,5.514,12.833,23.951,2.47,15.614,21.158,27.302,34.446,44.19,60.734,45.678,78.622,55.966,78.71,62.854,72.398,56.342,33.886,30.43,26.774,17.118,13.661,23.205,16.149,15.693,22.837,3.981,23.765,7.349,19.133,16.517,9.5,-10.116,36.885,14.086,7.486,2.487,2.715,11.971,3.427,5.919,11.211,11.502,4.594,6.686,-11.822,5.436,17.894,20.952,11.61,7.469,18.527,19.185,13.043,7.901,13.559,23.818,12.076,24.534,14.192
6,-4,-3,17.245,8.815,12.785,18.155,23.926,13.096,10.066,7.636,10.006,13.377,14.947,17.917,8.287,-8.543,3.068,17.711,36.355,22.998,42.442,49.485,54.128,42.372,20.415,16.258,24.102,8.545,25.989,6.232,16.075,1.719,18.381,4.844,16.906,2.769,1.26,7.366,19.671,14.977,18.683,20.588,0.294,11.403,16.912,9.421,3.53,19.275,30.02,48.965,64.71,49.855,73.4,83.945,72.889,62.034,46.179,37.924,34.069,15.214,19.559,24.904,24.648,14.593,16.338,18.283,23.228,16.573,6.918,8.063,-4.792,10.879,10.35,8.622,14.293,10.964,18.636,17.507,-0.222,7.647,28.516,-6.816,15.34,5.297,9.053,6.009,-7.435,1.397,8.645,20.492,-0.061,21.785,22.032,12.478,24.325,19.171,44.818,21.064,12.11,15.557
6,-4,-2,14.777,12.521,8.864,28.408,-5.248,12.023,-2.706,16.332,17.169,11.806,23.243,13.08,8.917,2.154,17.614,30.674,43.334,39.994,42.055,46.115,51.175,28.435,41.295,32.955,20.615,9.675,10.935,6.195,-1.345,24.499,31.142,-0.414,5.824,26.463,12.301,2.94,19.81,12.48,10.949,1.819,11.109,17.0,21.89,16.38,25.27,11.96,31.25,43.341,50.431,70.721,70.811,74.501,55.192,61.082,50.172,30.662,20.352,34.242,19.933,13.023,10.313,20.403,12.493,9.183,17.074,17.764,18.454,27.544,-0.766,17.116,0.397,13.282,13.768,14.254,7.939,10.825,2.11,-6.182,18.239,-10.139,-4.48,5.322,-3.277,-2.316,7.018,10.152,-0.314,9.416,15.146,15.876,17.407,12.937,19.067,40.797,20.728,13.858,18.988,27.718
6,-4,-1,17.694,13.466,18.838,22.611,1.583,18.772,5.361,16.951,7.34,-0.471,9.113,16.696,-5.12,11.187,17.295,35.602,23.709,43.417,42.524,44.631,52.339,38.646,49.353,29.661,19.168,14.876,-5.017,1.614,3.062,2.743,11.053,12.563,7.874,21.184,9.494,17.404,11.714,7.024,10.135,8.645,13.555,11.865,10.775,27.485,26.796,43.306,30.216,48.126,56.636,62.546,69.457,70.567,67.277,59.787,57.097,60.007,27.718,21.428,34.538,26.048,28.958,15.668,16.179,7.089,18.999,29.509,12.819,18.329,15.64,-0.25,-3.743,6.911,12.165,-3.38,13.027,3.635,5.043,5.851,2.458,12.891,-4.076,13.9,-5.524,7.17,5.264,13.758,7.651,0.345,21.843,7.74,28.838,23.735,21.033,31.93,37.228,17.126,18.423,10.521
6,-4,0,6.527,8.792,31.457,14.323,13.588,16.853,13.918,19.383,17.449,17.514,2.379,23.671,5.963,12.656,13.948,24.64,39.732,37.224,43.717,52.209,58.701,47.593,55.485,27.377,20.27,9.562,27.454,25.546,16.038,9.331,0.823,-2.275,18.992,3.659,-5.035,18.374,12.383,22.393,27.202,7.011,23.02,8.83,24.639,24.048,15.658,28.467,24.476,63.685,48.295,53.504,63.513,66.122,60.132,60.141,63.95,46.96,32.969,24.978,15.187,27.197,30.806,20.615,0.624,5.241,16.059,13.276,13.093,3.71,20.164,10.418,5.472,16.326,16.18,5.034,3.688,19.58,6.871,3.962,6.253,1.544,-0.946,5.95,8.246,6.742,14.638,-7.666,16.663,4.193,24.922,18.051,13.98,19.509,11.839,27.768,33.497,16.626,20.556,7.085
6,-4,1,19.862,4.86,27.658,2.855,-7.918,17.366,5.05,16.334,8.618,2.302,-0.79,5.309,16.807,7.505,9.004,26.302,29.6,21.499,47.197,45.295,37.394,37.292,29.59,16.089,7.987,4.885,22.984,12.882,8.18,3.278,12.41,5.342,-0.126,15.604,11.535,7.065,15.795,-0.874,10.245,22.364,15.083,9.803,24.122,14.441,11.76,21.879,32.398,42.518,64.637,54.356,66.075,74.194,64.514,66.833,50.752,35.871,25.39,34.11,13.029,36.548,18.467,24.986,15.705,16.225,16.544,4.963,2.782,-1.799,-3.402,9.147,11.497,14.247,6.796,3.746,17.096,7.545,-5.605,1.359,10.538,2.716,3.295,-3.126,0.611,1.956,10.3,18.644,14.988,-4.267,18.818,9.104,0.99,24.285,22.181,10.477,28.773,8.669,31.165,10.46
6,-4,2,20.036,-6.365,29.74,6.646,15.551,3.456,11.161,21.467,2.772,6.906,11.839,-0.627,6.699,12.825,-5.248,18.803,42.254,36.306,33.157,46.208,46.66,49.711,45.562,31.013,13.465,17.716,3.767,13.457,17.146,15.235,15.124,-2.387,7.471,17.729,8.587,9.444,3.702,22.798,11.895,17.391,18.687,13.583,14.48,21.976,32.672,34.368,49.265,51.161,84.057,80.153,82.65,72.746,80.442,86.138,63.235,43.131,33.427,25.923,35.02,17.316,24.612,24.908,4.605,24.901,15.597,3.493,9.825,17.757,9.889,-4.379,2.292,9.187,29.882,19.377,10.472,1.767,9.68,-5.406,13.631,4.868,9.904,8.541,2.178,-9.363,-5.86,5.359,11.178,14.197,17.816,19.035,15.055,27.474,21.293,14.312,20.331,20.95,16.769,18.188
6,-4,3,22.018,2.436,20.655,15.273,14.692,-0.289,-5.274,10.867,25.208,22.349,13.29,16.832,7.973,12.314,10.855,17.796,14.137,36.678,35.22,39.561,40.902,41.643,33.384,17.725,14.866,16.808,0.349,13.694,-1.961,27.159,5.08,6.601,1.121,5.454,-0.213,-4.082,2.591,6.692,7.993,10.893,22.394,9.295,19.595,20.496,8.196,49.897,38.398,72.698,62.999,74.3,81.6,104.301,94.601,94.102,56.003,49.903,41.604,26.305,17.805,30.306,16.407,24.107,14.408,7.108,17.809,23.11,19.61,19.311,-1.388,1.496,-3.205,18.254,10.913,14.772,-1.969,4.466,4.101,14.336,-3.629,12.759,-4.653,15.072,1.997,-6.458,13.393,19.843,14.494,6.744,14.995,36.045,15.296,25.947,29.397,25.048,11.298,11.549,23.2,15.05
6,-4,4,24.399,13.24,13.281,13.923,27.764,18.405,11.446,27.288,22.529,22.17,10.211,18.853,16.894,31.735,9.176,30.418,39.859,28.1,18.941,48.983,50.624,34.665,41.506,32.548,15.989,-4.57,25.994,6.957,16.52,-6.916,-2.685,12.304,15.693,18.683,25.672,11.262,10.651,15.44,17.03,16.819,5.008,11.65,23.892,40.734,26.576,32.417,51.459,54.701,78.343,88.984,103.826,91.668,98.11,87.352,80.993,65.035,47.477,39.719,32.161,28.802,26.244,17.886,31.128,14.97,14.411,37.253,14.295,-6.863,0.66,1.391,16.738,18.485,13.432,6.179,9.325,15.872,13.219,4.366,26.513,-0.54,11.4,6.94,20.68,7.42,-1.24,22.885,8.209,17.133,25.257,28.981,28.905,3.229,27.586,25.543,38.3,18.456,16.413,4.37
6,-3,4,34.586,-4.672,24.81,10.892,15.174,10.656,13.938,29.62,5.502,1.184,1.078,12.184,5.489,-8.605,-3.432,13.898,21.628,23.158,21.288,49.418,27.748,35.478,34.608,17.938,17.468,-4.402,13.47,5.543,-3.785,2.638,2.662,-3.115,14.67,0.254,10.241,10.428,12.815,10.003,11.79,19.577,12.964,4.151,3.738,20.525,31.313,43.3,46.687,53.874,85.661,79.248,69.835,95.423,103.21,88.597,75.184,60.571,47.958,34.546,32.333,14.52,22.107,17.294,18.081,22.068,34.056,21.043,12.63,7.217,21.604,3.191,8.178,14.566,2.553,-0.034,6.978,8.191,2.003,-2.164,-3.357,6.008,1.373,-6.848,4.632,15.712,0.193,6.875,-0.642,6.833,21.708,12.984,4.459,18.334,30.209,24.485,32.36,26.835,12.511,12.586
6,-2,4,8.255,-2.664,32.58,12.225,18.67,18.915,8.56,16.605,20.05,8.295,21.539,3.784,-4.771,7.602,9.974,19.147,21.719,26.692,19.064,39.236,27.409,41.981,35.954,23.926,13.499,-0.129,17.642,9.413,23.984,13.355,1.326,2.912,7.531,13.549,7.368,4.386,8.05,12.714,8.379,20.043,23.507,19.971,13.636,12.3,18.564,30.428,37.893,64.357,67.421,81.685,91.95,95.814,100.078,78.142,62.406,67.271,27.335,37.999,26.663,23.728,10.392,18.256,32.12,22.385,7.049,12.913,14.777,13.842,8.306,17.37,6.234,14.298,20.363,11.427,16.691,-1.845,2.796,1.265,14.748,4.031,-5.286,9.717,12.92,14.124,-8.273,11.587,9.048,1.908,28.788,27.668,12.148,19.029,37.309,24.589,29.869,31.549,-5.571,20.827
6,-1,4,22.006,-5.983,25.337,11.857,12.978,7.298,34.419,21.339,32.06,24.18,12.1,0.021,12.742,20.062,16.783,33.904,19.824,17.345,41.066,46.186,48.107,40.428,31.948,41.469,13.99,7.51,5.831,-3.448,2.023,7.317,13.011,6.306,19.6,14.095,6.989,17.483,12.378,11.072,6.766,23.861,23.155,18.049,20.744,27.438,34.533,25.027,60.721,83.616,79.31,103.604,111.099,123.393,113.287,86.782,84.676,75.171,47.265,54.559,19.454,22.348,38.642,40.337,53.631,21.926,12.62,15.314,35.609,23.903,16.397,20.692,6.786,18.08,12.775,13.069,12.964,8.458,31.752,1.647,22.76,-12.126,11.14,-9.193,3.51,1.649,-2.992,20.325,23.243,10.96,11.878,12.596,18.513,30.231,32.948,26.666,33.383,24.501,26.819,29.536
6,0,4,35.329,-0.926,3.609,-0.256,-0.924,-4.202,6.067,20.136,5.004,10.873,-2.458,4.782,-0.579,1.455,7.088,35.721,43.755,38.388,29.221,39.055,23.288,39.721,19.355,29.388,18.021,21.255,1.688,5.739,-5.41,5.363,16.737,-0.489,6.479,9.847,-2.385,3.153,10.091,7.429,26.767,3.905,-2.157,15.554,23.266,23.577,28.088,44.599,49.51,72.421,90.732,75.644,118.955,101.466,101.777,89.088,78.999,67.91,59.822,45.933,47.044,38.755,43.066,11.977,24.488,26.4,40.911,8.822,17.333,30.044,-1.245,6.451,6.747,11.843,14.539,4.835,14.532,-0.772,3.315,-3.398,10.245,3.687,-5.07,16.303,-4.125,20.393,0.311,21.233,1.354,2.289,5.824,11.359,23.094,9.83,27.165,32.9,46.635,6.97,20.706,6.641
6,1,4,22.057,14.075,15.493,21.511,13.129,9.148,0.366,15.588,10.41,-0.167,18.853,14.873,5.893,1.514,15.15,24.987,19.424,30.66,39.097,23.134,19.97,42.207,21.044,21.48,-4.083,7.294,10.071,5.648,14.626,5.003,18.18,3.757,7.174,8.79,-1.593,12.202,14.997,13.992,20.387,10.982,9.177,13.972,9.967,7.762,38.157,36.752,67.947,68.542,98.737,89.932,109.927,116.722,130.517,96.512,61.907,71.902,49.497,30.292,34.287,27.082,32.877,36.072,13.667,34.262,37.457,17.652,22.447,23.242,20.037,-0.368,6.222,18.812,17.002,18.993,4.783,17.621,16.06,-6.701,21.223,-15.053,7.896,1.444,3.409,18.011,14.413,10.015,26.017,26.019,22.22,25.022,12.224,30.026,31.028,39.829,39.831,31.633,22.035,20.037
6,2,4,29.61,-7.698,31.679,12.656,2.033,24.631,-3.172,27.387,10.945,0.503,-1.934,16.407,1.547,7.104,20.06,33.617,31.174,20.931,40.687,35.244,38.001,41.957,33.714,22.471,9.028,23.784,9.541,-8.502,7.112,11.326,8.339,17.953,13.567,15.181,3.595,32.846,17.098,26.15,2.001,8.875,8.549,18.223,24.497,26.171,19.645,50.119,53.593,74.867,89.142,122.816,108.69,109.964,108.238,96.312,105.586,91.66,54.134,51.608,35.682,53.756,46.83,9.304,25.378,30.052,19.926,19.2,29.274,19.348,32.422,5.696,14.37,19.044,7.518,1.392,11.282,13.173,2.663,8.382,19.101,-7.78,6.612,8.404,8.396,-2.812,-4.058,13.84,5.537,27.235,24.332,19.23,39.928,38.025,50.323,46.02,41.518,40.816,23.313,10.411
6,3,4,27.439,14.51,7.58,14.051,1.722,13.21,5.098,13.986,10.875,10.163,17.651,-8.46,1.293,10.46,3.227,24.794,22.76,13.927,27.094,14.461,46.828,35.795,36.162,28.928,13.295,18.262,1.629,-6.387,5.502,5.39,7.079,8.768,10.456,1.145,3.446,-3.853,9.396,3.045,7.725,4.405,11.085,1.365,13.259,18.154,20.449,34.744,58.439,76.534,75.028,82.923,103.418,121.713,116.808,97.503,91.197,72.492,44.587,36.682,26.777,31.672,24.567,33.261,40.956,16.051,20.146,24.441,25.336,11.83,24.325,3.62,2.953,20.118,8.683,-1.352,13.795,8.142,7.89,10.237,0.984,-12.457,23.046,18.749,14.852,20.555,20.458,15.161,23.864,2.367,-0.706,30.014,18.933,21.053,29.772,24.492,60.211,25.93,32.25,8.169
6,4,4,12.469,12.792,14.116,15.439,22.163,14.686,21.01,19.733,12.057,17.38,0.703,13.035,9.767,6.499,23.431,13.962,28.294,34.226,32.558,46.089,35.421,42.953,37.285,24.016,-4.252,8.21,9.271,5.533,-8.006,4.09,11.827,12.164,7.501,26.038,29.375,15.312,9.249,27.986,14.123,3.66,3.434,13.043,-1.747,44.438,19.623,31.607,48.392,70.977,81.962,95.147,71.532,107.317,90.702,89.087,68.872,65.657,51.242,30.227,40.012,30.597,18.382,21.167,27.352,17.937,9.122,22.307,30.692,11.677,14.862,23.047,13.032,5.017,18.802,13.587,19.972,7.757,13.742,2.927,2.742,4.787,11.032,0.877,5.532,-8.613,-0.734,19.535,29.205,26.474,29.944,16.814,19.083,30.953,24.623,24.292,23.762,22.431,25.501,13.171
6,5,4,20.527,0.724,32.13,16.735,6.34,14.545,25.15,21.555,26.761,5.366,6.171,18.376,8.381,1.786,13.611,31.636,42.06,35.285,44.71,42.935,40.359,32.784,26.609,42.833,36.058,23.083,2.707,21.16,17.813,-6.534,-0.385,1.358,4.317,15.676,0.235,16.197,26.759,9.321,11.283,11.644,25.606,25.768,25.13,28.492,19.454,20.215,55.777,59.939,57.701,75.663,82.624,85.386,86.348,77.91,68.272,47.433,64.395,27.557,15.719,29.081,25.643,22.804,6.966,35.928,14.09,14.052,28.613,7.175,-2.263,5.468,8.599,21.731,25.062,11.193,-3.876,10.0,21.675,0.951,-2.163,17.895,-8.247,-0.531,18.379,12.289,7.798,17.908,26.617,33.727,20.236,36.346,18.856,24.765,44.875,35.184,48.894,29.404,31.513,9.423
6,5,3,32.885,-4.203,14.053,11.908,10.364,-3.181,3.634,19.249,17.263,13.478,23.693,9.507,3.522,25.537,4.151,11.966,43.381,17.395,39.01,42.425,43.039,16.254,35.469,20.683,12.298,23.512,1.727,22.361,1.795,11.449,-10.098,8.971,18.641,8.11,8.779,6.648,25.917,-0.814,19.645,11.103,29.562,10.421,13.479,24.738,22.797,38.255,39.114,41.173,67.631,88.89,75.549,96.007,69.466,83.925,62.983,41.842,32.101,22.359,36.218,42.476,12.135,24.994,21.252,26.111,1.97,8.651,22.732,20.812,21.693,23.374,20.255,16.136,10.417,13.298,-0.021,5.259,22.54,2.621,11.329,11.237,-5.854,7.967,15.589,-9.389,0.473,14.941,26.609,22.276,27.144,19.012,15.08,19.947,20.415,37.083,25.551,10.419,18.086,13.954
6,5,2,15.633,9.985,7.137,-3.712,18.986,0.884,-1.408,12.281,12.171,8.661,8.551,4.88,4.01,5.54,16.47,14.8,17.529,39.059,28.389,31.319,46.448,30.138,33.828,31.718,20.807,11.097,-0.013,5.677,1.366,13.071,18.375,7.28,24.184,13.489,14.194,17.698,11.403,0.507,16.618,14.128,15.039,12.949,1.66,9.388,3.317,26.446,23.774,46.703,60.231,63.36,54.089,72.017,80.346,66.874,45.403,38.932,37.46,31.389,8.117,26.246,18.975,16.903,24.232,12.36,21.689,-0.982,-6.666,18.93,11.325,-6.879,13.392,12.862,9.533,0.603,25.28,1.758,2.453,-0.252,10.041,6.333,0.826,14.127,17.429,4.53,13.031,14.933,9.034,10.736,16.837,20.139,23.44,8.741,22.643,26.144,30.846,26.747,21.849,10.15
6,5,1,24.823,8.657,14.892,13.726,7.76,9.395,4.229,19.864,25.098,12.132,20.567,3.801,0.636,11.678,9.92,30.362,20.804,29.046,38.088,35.13,25.372,38.614,28.856,9.698,13.94,3.782,21.624,7.466,6.908,6.35,22.392,10.234,-6.524,4.587,18.899,0.011,10.322,14.834,6.946,19.258,-1.43,13.862,13.154,11.246,23.538,18.03,34.722,37.614,34.906,48.598,46.89,55.582,48.274,51.966,37.058,29.15,37.242,15.134,12.826,1.519,9.227,9.736,12.844,-3.847,14.201,13.849,2.097,5.167,6.638,10.308,3.578,11.848,10.118,0.789,4.668,15.747,5.027,-5.694,5.082,7.258,10.035,9.611,15.987,14.963,15.139,17.716,7.292,1.668,12.862,10.056,18.851,5.045,22.639,24.833,26.028,3.822,6.416,0.61
6,5,0,16.169,-0.671,15.481,19.433,23.586,11.338,4.29,20.042,-2.005,7.325,1.455,12.401,1.946,4.512,18.077,27.443,21.209,34.974,47.94,41.905,36.271,34.437,43.802,25.168,6.934,11.699,-2.335,8.004,-4.656,-1.97,-0.306,-1.045,7.405,22.255,10.504,-0.246,13.601,17.848,20.695,1.141,23.001,0.06,3.119,8.611,12.904,-1.204,15.674,32.553,30.432,32.71,39.389,41.068,43.346,27.025,49.504,13.782,16.861,31.539,22.418,7.497,15.175,0.854,8.942,6.03,8.718,15.206,8.294,3.781,9.508,-0.766,8.553,9.671,6.189,-4.693,7.971,4.236,15.9,0.164,-6.37,22.222,-0.986,0.996,0.187,5.181,1.375,11.383,6.191,14.998,2.406,-2.962,15.438,4.038,28.037,29.437,32.237,21.636,12.236,0.036
6,5,-1,23.077,21.108,35.138,12.569,18.599,16.83,-1.139,19.278,16.696,-4.487,9.87,1.627,5.001,1.774,22.147,15.721,19.094,30.267,38.641,56.214,39.387,36.561,46.534,25.307,10.681,4.654,-0.973,-1.611,13.132,0.275,3.421,6.167,20.312,5.858,8.404,4.55,6.896,-2.159,16.16,9.479,11.598,2.117,7.058,23.798,11.738,15.479,31.219,39.959,46.3,42.24,39.78,50.521,28.061,39.801,45.542,19.282,32.022,14.362,20.503,12.643,4.383,10.324,-0.536,11.598,20.133,26.467,8.201,17.935,-7.13,13.492,26.115,16.338,8.36,8.183,18.805,8.228,-1.749,11.053,-3.346,4.413,-2.828,-4.705,-5.647,7.529,6.905,3.682,15.458,8.834,21.01,7.787,11.163,19.339,13.315,28.092,34.868,13.244,4.82,22.397
6,5,-2,19.232,13.197,7.763,11.929,19.494,16.26,16.426,28.992,25.957,15.923,21.889,21.455,14.02,9.386,12.552,23.118,23.683,21.449,37.215,48.181,30.946,35.512,38.078,16.844,15.409,8.575,0.941,0.518,22.703,18.888,8.072,2.857,9.274,18.092,26.31,-6.273,19.421,19.116,14.21,19.904,9.398,9.292,10.587,14.881,22.975,22.069,32.563,40.658,32.952,25.646,52.54,48.834,34.129,43.223,40.117,29.011,22.905,17.0,18.894,15.988,21.282,23.776,11.271,8.765,16.059,18.353,16.447,17.342,1.636,19.951,8.866,20.581,19.496,-2.59,15.884,14.958,8.831,23.105,13.779,-7.548,13.367,9.481,1.995,12.934,9.273,12.212,9.351,14.69,21.829,27.968,25.707,14.846,30.785,7.924,31.263,18.602,24.941,7.08
6,5,-3,25.633,0.289,8.348,13.207,11.066,14.725,-2.416,19.81,17.436,27.262,20.489,6.115,3.141,7.599,6.656,29.714,16.972,34.829,51.287,45.145,38.602,38.26,19.518,36.176,8.033,9.291,9.149,17.206,7.264,19.922,15.779,-5.163,12.407,9.577,7.547,-7.683,4.536,11.355,14.974,-0.007,9.412,17.83,16.649,27.868,17.887,26.706,7.325,36.343,29.562,20.781,36.8,30.219,34.637,32.456,24.875,18.694,19.713,15.932,22.15,19.969,9.788,13.007,19.426,7.245,22.663,14.282,0.901,14.33,-1.642,15.166,7.974,8.982,4.79,5.198,11.006,0.414,-0.374,14.034,3.243,7.251,11.459,0.667,3.282,6.898,-6.287,19.226,8.338,7.451,7.563,2.275,12.588,24.3,8.013,8.525,14.438,17.55,10.263,8.775
6,5,-4,22.167,-1.227,23.164,9.354,12.144,5.535,11.725,26.716,22.706,12.296,18.287,13.477,10.468,3.058,14.448,10.039,30.829,12.82,30.81,35.2,32.391,37.181,34.572,22.962,-2.648,12.303,15.853,19.404,7.354,-2.296,5.62,17.736,29.452,19.169,1.485,5.418,12.551,11.484,20.217,4.351,18.884,7.017,5.15,12.884,27.417,17.75,20.483,7.617,23.15,30.483,22.216,30.749,23.683,27.416,21.949,12.482,4.816,6.349,12.082,3.815,3.948,8.882,8.615,-2.652,4.441,-0.666,6.018,9.701,9.585,9.869,12.753,9.837,10.921,18.005,2.089,13.195,20.702,5.808,22.514,14.621,-4.073,12.166,14.006,18.245,4.884,22.123,10.362,17.002,24.441,18.48,17.719,23.558,25.198,10.437,18.076,24.315,3.554,-4.206
6,5,-5,18.062,-1.761,12.992,8.946,10.1,11.454,5.007,10.961,-0.685,11.26,4.406,24.751,1.097,-1.146,3.397,18.54,18.483,30.226,31.568,45.511,38.454,30.797,39.34,21.283,16.626,7.969,18.711,12.854,15.597,-1.66,2.861,7.782,11.503,-1.776,4.721,15.418,8.515,5.812,15.11,23.407,11.104,19.201,7.098,13.395,3.292,6.989,27.286,19.583,41.681,20.378,33.875,21.572,30.469,25.966,33.863,14.76,34.057,17.355,9.652,16.549,5.646,17.543,21.84,18.337,8.034,-3.469,18.376,3.221,7.866,16.11,8.355,1.8,20.063,6.926,2.389,-4.547,10.843,13.833,8.623,13.013,9.603,-4.807,22.305,0.616,4.934,19.053,21.971,2.489,13.608,4.726,9.644,10.963,20.681,16.4,31.518,-1.164,9.34,9.844
6,4,-5,28.151,-2.971,28.268,-2.893,0.308,13.513,3.117,16.722,18.326,18.331,18.935,9.74,21.144,-3.251,15.51,13.87,24.431,16.792,20.953,28.914,22.074,29.035,18.996,7.157,1.918,-0.121,12.238,-0.202,-2.245,13.084,9.413,7.342,10.07,9.799,16.328,-1.143,18.772,17.288,10.003,3.918,11.834,0.949,12.674,16.199,6.924,21.049,19.575,10.3,22.225,27.15,37.475,34.2,39.125,22.85,34.175,20.9,24.026,17.151,10.676,15.201,-4.074,14.587,21.649,3.51,0.972,3.644,18.516,7.788,12.86,4.732,0.604,12.282,12.961,8.24,4.719,6.398,17.276,11.955,8.434,9.713,-8.609,2.076,0.981,14.097,16.613,12.729,3.245,2.961,12.877,10.593,9.909,11.025,7.541,12.657,36.173,16.889,19.805,8.521
6,3,-5,22.752,4.779,19.405,14.632,6.659,13.686,-7.088,25.003,14.493,8.983,15.673,3.764,15.293,13.422,19.551,32.28,21.809,37.938,57.867,38.396,55.325,40.854,25.983,25.312,22.441,8.17,8.099,17.628,7.957,13.486,17.015,-2.056,8.444,18.944,-3.157,20.496,14.748,9.2,7.053,15.305,13.957,21.41,9.662,3.114,3.798,12.481,2.965,19.879,34.792,50.705,38.219,35.932,49.845,32.759,24.672,30.586,13.299,5.012,10.926,12.639,12.153,15.666,16.379,-2.707,3.17,11.047,11.925,20.202,-5.721,6.467,1.055,17.654,0.253,7.055,7.657,12.058,5.26,3.262,5.664,-0.735,15.859,14.852,-0.555,6.032,12.219,18.006,9.393,18.98,11.167,13.954,-5.259,15.05,15.559,24.669,22.778,6.887,17.596,9.106
6,2,-5,17.974,5.149,31.925,23.1,14.075,25.05,11.026,21.401,29.376,14.151,21.526,18.502,12.077,22.652,11.427,19.402,33.378,33.353,37.528,40.903,51.478,47.854,57.029,33.004,8.179,9.555,13.33,5.105,10.48,13.855,8.431,-2.194,10.347,-0.111,3.028,5.6,19.371,17.142,19.913,5.284,-3.744,18.963,10.869,16.776,19.083,31.59,15.897,17.004,38.511,30.658,41.405,38.952,35.099,33.246,29.593,24.939,21.086,24.033,16.18,26.287,7.194,10.101,3.208,15.348,-8.712,-1.991,5.9,23.391,2.682,5.001,14.721,26.84,13.96,5.479,28.199,8.918,4.038,6.957,15.277,14.596,4.715,14.635,8.954,10.074,13.393,19.113,9.632,-0.848,3.46,3.168,1.877,17.405,10.533,13.661,20.189,12.117,22.046,7.374
6,1,-5,29.445,7.331,9.017,8.502,6.788,6.873,8.159,26.244,17.13,8.616,-1.699,-5.835,6.14,11.914,22.088,19.463,17.637,39.011,35.985,30.96,51.334,42.508,34.883,11.457,14.031,19.006,1.78,9.373,24.165,15.358,-2.449,-0.888,0.263,8.617,6.571,2.726,5.08,16.634,19.588,4.942,11.496,25.45,4.404,7.158,9.112,12.866,22.42,21.774,49.329,49.883,26.837,40.191,37.945,21.299,29.253,10.807,11.961,7.515,12.869,16.423,-1.023,6.519,23.461,19.602,5.544,13.086,14.627,14.969,15.51,11.252,-8.406,-4.211,7.124,0.46,8.6,10.341,-7.118,4.506,11.73,4.354,16.178,21.602,15.426,9.65,5.474,12.498,0.922,15.156,3.591,22.425,11.859,15.893,9.327,4.761,11.396,14.43,6.464,17.098
6,0,-5,26.275,4.337,21.599,11.261,12.523,16.385,5.247,16.509,17.171,12.232,9.214,23.396,21.978,-0.24,12.139,19.118,21.697,58.276,40.255,39.634,37.693,39.152,27.211,24.27,-2.871,11.947,9.365,-0.017,14.801,13.418,-1.764,7.429,20.423,14.016,7.009,21.002,16.596,18.789,14.582,18.776,9.569,20.362,17.355,14.349,20.942,28.335,29.328,42.322,34.915,46.508,61.901,54.495,57.288,39.881,49.675,21.468,18.661,31.454,18.448,14.841,15.634,11.827,25.221,10.814,30.407,9.2,20.194,12.387,19.38,17.574,-10.833,13.508,16.05,11.991,-0.068,20.273,6.813,11.354,-5.706,17.939,-1.217,12.211,12.639,20.267,14.495,25.523,15.951,3.78,7.246,12.112,19.978,23.444,18.51,37.776,23.642,40.308,15.774,13.44
6,-1,-5,18.511,3.894,16.117,18.74,7.563,-3.414,21.556,19.926,17.496,18.866,24.036,20.606,8.575,10.145,26.115,20.085,36.055,38.425,64.195,42.565,64.335,52.505,31.075,30.645,9.815,20.985,15.955,1.725,28.315,6.306,6.297,-7.112,18.938,21.787,26.237,8.487,13.537,23.987,21.636,20.286,27.736,2.986,31.069,13.352,39.436,37.659,49.282,39.706,58.329,48.352,52.376,70.399,60.822,60.446,41.669,43.553,34.436,10.119,34.403,23.886,23.169,2.853,22.969,11.086,6.802,27.119,11.036,19.752,12.669,16.385,7.702,4.419,16.582,18.945,13.108,14.071,-11.166,13.12,5.806,14.293,15.579,18.465,4.351,0.882,12.822,13.163,24.504,18.245,7.786,23.527,7.868,26.809,33.15,25.091,39.032,-0.227,12.511,6.249
6,-2,-5,33.39,4.523,19.256,20.39,10.723,1.056,13.602,6.347,28.492,19.437,8.182,5.727,-10.728,2.214,6.58,23.946,27.711,55.677,31.843,34.809,33.174,32.54,40.306,20.272,20.637,7.203,8.569,2.534,-3.273,0.275,10.826,13.177,25.128,7.279,17.831,13.982,0.333,14.288,24.843,17.598,11.753,26.908,9.464,32.019,15.174,34.129,28.884,50.239,43.594,50.149,41.704,74.459,53.414,59.969,54.724,24.88,15.435,23.79,28.345,5.7,12.855,15.21,17.765,-3.68,9.423,11.326,7.029,21.932,4.235,13.138,9.641,16.744,13.847,4.95,18.853,19.756,8.859,-4.438,-11.198,-0.973,11.241,8.854,6.667,11.081,4.694,10.307,11.321,24.934,18.947,1.961,14.794,23.628,27.062,22.895,13.129,31.363,2.396,14.254
6,-3,-5,24.469,-3.089,15.713,24.315,17.918,19.32,18.322,20.524,23.126,15.728,0.931,-4.058,7.098,2.453,18.808,3.563,36.318,21.874,35.029,41.784,26.539,42.294,12.85,18.405,8.76,1.515,12.086,8.656,11.827,-0.003,1.768,16.956,11.545,10.733,13.722,1.11,21.51,4.111,22.311,21.511,-1.088,17.698,3.085,18.471,17.458,17.045,27.631,55.618,41.205,54.791,58.178,49.965,59.551,44.938,52.725,39.311,26.498,41.085,32.471,24.458,18.844,20.431,24.818,20.804,19.191,4.578,5.812,10.447,11.282,16.516,14.751,7.986,17.62,12.655,-13.711,0.276,11.067,17.858,18.048,0.239,17.433,4.427,25.067,23.308,23.549,16.19,13.431,20.871,13.912,16.953,27.794,33.034,24.075,23.716,34.357,15.798,10.438,16.079
6,-4,-5,10.591,7.893,25.395,13.697,13.999,8.501,-4.997,5.61,15.275,9.541,15.606,23.072,9.137,7.403,10.268,17.334,35.199,32.264,38.53,36.595,44.061,42.726,40.392,14.457,17.723,9.188,16.654,13.919,26.384,2.65,8.55,5.45,20.412,17.373,11.134,18.896,22.257,19.019,24.58,25.942,13.503,14.664,13.426,34.387,27.349,28.91,37.872,31.633,62.995,61.356,59.917,50.479,63.24,67.202,42.963,41.525,21.286,14.048,14.609,28.97,25.532,18.693,17.455,17.216,28.378,16.539,19.301,28.662,13.223,7.785,-8.654,14.491,22.036,31.781,8.126,9.271,10.816,10.361,8.106,7.251,0.196,11.544,1.691,13.46,13.429,18.598,12.166,24.335,-3.296,29.62,12.335,10.651,17.167,22.483,40.598,17.314,22.03,8.746
6,-5,-5,18.49,13.069,19.048,13.027,-6.994,17.866,0.926,29.396,5.467,17.138,5.408,7.079,10.549,3.22,5.124,28.827,23.131,40.235,26.939,50.243,32.147,34.85,33.754,21.058,12.562,13.666,8.37,15.873,13.377,17.281,9.585,-0.711,1.984,14.3,12.017,9.934,22.251,13.768,21.285,19.602,0.119,10.438,7.356,23.675,14.993,18.912,50.03,56.548,75.067,60.985,54.104,74.022,44.341,43.859,53.778,35.496,17.015,27.733,31.451,28.97,11.288,19.807,26.525,15.644,19.762,29.681,-6.401,11.414,19.03,1.645,11.678,11.711,17.744,9.576,15.609,7.242,16.275,4.508,-2.459,1.142,4.155,15.768,20.582,-5.605,14.124,7.253,11.982,-6.289,18.742,23.574,28.405,8.837,22.268,12.299,34.931,16.962,15.394,17.425
6,-5,-4,20.358,0.161,11.766,3.37,4.175,11.38,-2.815,16.554,14.722,7.691,16.66,8.228,7.597,9.166,16.935,3.303,21.672,21.041,34.81,30.578,29.347,22.516,25.885,36.653,10.222,15.991,2.56,12.928,9.897,-0.334,9.031,1.396,8.375,6.954,0.333,0.716,7.706,-2.904,3.449,0.002,7.355,20.108,25.86,5.413,19.766,21.119,30.472,35.825,57.378,48.331,37.484,61.237,66.39,44.543,46.895,32.048,18.201,11.154,6.107,8.46,17.213,22.766,19.119,-1.328,1.009,17.556,13.904,-0.148,11.398,-0.856,10.48,10.215,17.351,9.687,8.823,6.759,13.295,11.831,-9.433,6.122,1.277,7.645,-3.587,-4.068,6.793,5.655,12.116,19.977,24.238,-2.5,28.529,31.158,18.587,17.816,42.045,16.675,14.504,17.133
6,-5,-3,27.876,7.153,11.63,15.107,-5.216,-2.608,12.169,14.745,8.522,0.699,9.283,-1.734,12.83,2.394,9.758,13.922,31.886,18.649,38.813,50.777,36.941,27.305,17.068,16.632,3.596,0.76,3.932,9.904,0.476,9.653,13.831,9.408,21.185,10.163,10.34,9.117,16.095,10.472,3.249,16.059,19.47,17.48,5.091,18.701,17.311,23.722,32.932,32.542,40.153,63.763,60.373,69.384,68.594,46.004,39.415,36.825,23.435,25.046,13.656,17.866,21.277,4.887,3.497,17.943,23.188,-0.166,5.477,16.521,1.965,15.629,4.694,22.759,24.824,13.489,24.154,11.618,0.883,8.758,13.234,-4.291,8.721,11.333,5.544,7.156,-6.832,8.666,8.963,-14.339,28.425,18.79,10.554,25.318,18.282,39.847,45.011,30.775,16.34,23.704
6,-5,-2,21.909,-7.678,30.808,25.694,4.18,11.866,1.953,43.459,18.766,11.073,16.979,9.686,23.393,25.699,6.206,23.113,36.419,30.526,23.833,52.139,23.646,32.153,32.659,31.166,19.073,2.979,22.117,8.854,-4.009,17.671,12.951,12.23,-1.29,9.573,5.636,16.1,13.563,10.826,6.289,23.952,2.416,11.705,24.394,10.883,20.372,31.061,21.951,49.04,56.929,65.218,67.107,74.196,65.686,61.775,58.664,35.753,17.042,20.931,15.421,22.31,1.799,16.107,24.216,27.124,24.033,27.541,4.25,8.358,-5.934,18.884,-5.898,16.23,21.357,7.685,8.813,14.541,6.069,5.997,17.325,-4.147,-1.276,14.98,11.837,-1.707,9.328,-1.236,16.385,7.606,21.627,22.248,11.669,11.491,28.512,23.333,29.954,7.175,10.396,18.417
6,-5,-1,32.884,11.212,20.94,24.269,22.197,17.125,1.653,34.599,3.744,5.09,11.835,30.381,4.127,-1.528,-7.801,16.599,32.0,39.8,32.2,34.8,35.201,33.001,24.201,13.002,28.002,22.802,14.603,16.803,12.203,-5.396,11.324,16.044,15.964,13.084,20.604,22.124,29.844,-3.036,3.244,22.324,5.803,-1.117,34.749,22.415,28.881,40.948,38.014,45.48,70.346,52.412,63.478,68.344,63.61,60.477,64.943,37.609,34.475,26.141,44.207,22.673,19.339,21.206,21.072,8.738,18.204,-2.73,21.3,18.33,12.36,6.989,-1.981,18.424,16.828,16.633,11.837,4.841,3.446,-5.115,-6.752,13.503,5.139,13.774,5.209,11.644,4.88,7.915,8.15,4.586,8.821,11.056,10.311,31.567,12.422,16.077,38.532,3.788,12.043,14.498
6,-5,0,23.9,11.931,21.762,19.593,9.624,16.455,9.486,29.117,14.948,36.379,22.811,22.642,-3.727,10.448,21.023,30.398,2.373,36.174,45.375,37.375,39.976,40.177,33.578,12.779,3.579,0.417,8.66,25.103,10.746,29.389,13.032,-8.325,18.949,14.623,9.497,34.971,23.645,22.919,20.193,11.267,-1.259,18.397,15.254,28.91,19.567,39.824,36.28,51.137,53.993,64.25,64.306,80.563,76.42,58.076,59.133,42.989,22.446,28.503,18.559,26.816,21.872,17.929,21.585,20.042,27.899,35.755,17.612,16.068,42.125,5.181,13.438,25.495,4.951,17.608,6.464,4.321,-0.023,7.634,11.29,-2.854,-6.038,5.676,11.791,21.505,0.419,21.138,24.257,16.376,9.095,18.814,14.533,5.653,20.572,23.891,36.41,16.329,16.248,8.367
6,-5,1,17.234,1.406,15.792,15.379,11.165,11.352,14.338,11.125,1.911,12.917,1.322,13.741,-8.239,13.847,0.133,25.82,33.108,17.796,20.683,37.971,39.058,27.546,29.833,22.321,13.609,21.696,5.184,2.671,19.187,10.502,9.218,11.533,13.048,15.364,11.479,12.394,6.91,2.025,12.763,17.501,9.639,31.577,14.715,17.252,9.99,22.928,31.466,46.004,57.142,53.48,74.218,67.955,66.693,61.231,54.769,49.507,31.645,24.383,13.72,19.658,24.196,4.734,8.072,21.01,15.148,13.486,24.423,27.961,-10.101,17.246,6.793,15.34,7.686,6.633,-3.42,14.281,19.981,4.082,-3.417,-5.161,-0.379,2.2,-7.0,0.893,13.996,23.699,10.602,9.305,2.208,0.511,17.02,8.728,21.637,18.345,19.454,18.362,20.471,29.179
6,-5,2,15.37,18.123,23.675,19.027,19.78,10.932,13.284,19.437,28.989,5.941,18.294,0.246,-4.799,6.883,13.364,17.446,28.127,17.209,15.49,27.972,37.453,23.935,45.016,12.898,4.379,6.461,4.942,1.824,13.125,3.026,15.558,13.49,16.022,14.554,18.886,5.618,13.151,12.483,19.215,3.347,8.712,-5.922,8.145,19.413,25.08,33.347,27.814,42.282,50.549,67.616,75.683,48.751,78.818,63.285,43.752,46.02,58.687,21.954,25.621,16.289,16.956,36.823,23.09,16.958,27.225,3.692,-0.841,23.217,-3.726,10.879,1.285,4.304,18.123,8.142,16.161,10.98,-6.801,8.506,7.014,20.121,-1.771,24.514,-6.6,1.579,1.775,7.99,23.804,12.618,4.632,22.446,22.06,11.674,24.888,14.302,25.116,22.93,13.744,18.758
6,-5,3,23.913,0.142,7.972,13.203,8.634,23.064,24.295,25.526,12.956,15.187,4.817,20.448,-1.921,36.884,-2.911,20.053,23.416,17.38,29.944,17.308,25.272,34.035,31.599,18.563,28.727,9.291,12.454,7.218,16.782,16.146,16.71,11.473,12.637,12.601,15.765,-1.471,24.672,10.215,10.959,7.902,5.645,13.389,8.532,14.076,27.019,35.562,42.906,36.449,50.592,49.336,59.079,81.223,84.966,56.309,53.053,45.196,31.339,30.483,31.626,19.77,34.513,0.256,-0.797,15.739,8.275,28.812,20.148,9.484,10.621,8.957,13.294,6.43,11.766,16.303,2.639,4.403,-7.833,15.79,9.413,8.436,-5.341,13.799,10.938,-3.922,11.161,22.843,36.326,10.409,12.292,16.375,25.458,20.14,16.023,17.106,38.989,12.272,20.555,12.237
6,-5,4,19.841,2.435,19.653,16.872,8.29,15.509,10.527,16.746,18.165,24.183,4.402,26.22,-4.561,10.587,19.934,22.082,4.829,33.777,38.925,28.072,31.82,29.167,29.315,18.263,8.41,6.958,23.905,13.853,11.201,-0.052,16.095,11.642,24.189,16.336,-0.517,12.823,22.164,6.304,5.644,9.584,8.124,1.665,13.224,26.184,26.544,29.704,16.263,47.623,73.183,49.743,74.702,67.862,74.022,63.182,58.941,46.701,36.861,23.621,38.38,18.74,30.1,10.46,15.619,11.979,7.939,8.498,28.458,6.818,6.978,14.937,25.097,2.457,15.043,16.029,5.215,15.801,-3.813,0.517,19.654,-2.61,-3.908,0.938,21.394,1.851,-7.874,19.662,9.399,11.536,20.672,26.209,16.145,37.682,25.818,29.355,38.291,15.428,24.365,6.501
6,-5,5,24.171,11.812,8.252,24.692,14.933,7.973,5.814,1.254,11.308,20.562,-1.584,19.45,16.084,3.318,18.952,16.785,7.619,7.253,34.887,27.121,20.555,31.988,46.422,17.056,14.69,7.124,29.558,6.792,-8.175,8.106,0.187,14.07,11.954,1.637,12.738,13.238,0.339,-0.556,14.142,3.24,16.738,5.436,19.934,29.232,26.33,39.028,27.526,43.024,64.522,67.82,73.118,72.016,75.914,68.012,52.91,44.608,41.706,31.204,14.102,27.2,-0.502,6.79,20.082,14.174,7.866,24.758,3.85,12.942,9.634,2.526,0.018,-8.289,-1.745,13.979,10.702,19.625,12.348,0.071,13.995,-0.281,3.04,6.361,1.882,3.421,11.561,4.901,-0.56,10.374,7.107,16.24,22.574,15.707,36.04,7.573,18.507,31.84,23.173,6.707
6,-4,5,19.703,16.094,17.084,21.874,13.864,12.855,14.845,17.235,21.026,-5.784,11.708,10.401,12.893,13.586,13.278,13.57,18.663,13.555,28.848,31.94,36.433,31.125,17.818,29.11,20.403,18.095,23.387,-1.72,9.749,3.218,10.721,11.223,-1.074,10.214,10.503,16.591,13.68,18.568,13.457,22.945,11.834,8.922,6.21,21.899,8.387,9.676,29.364,50.253,58.941,72.23,83.118,78.206,59.695,66.783,67.272,37.16,35.049,-1.463,14.806,12.075,24.544,18.012,2.481,23.177,12.272,31.968,7.463,6.959,4.255,4.55,5.446,8.341,7.437,0.732,11.236,2.74,25.473,-6.795,6.42,6.635,4.65,-3.536,-3.772,5.337,5.045,9.154,8.663,11.171,12.48,18.989,24.297,11.006,19.915,12.223,26.532,29.441,29.549,9.458
6,-3,5,18.232,0.414,27.599,22.185,18.371,30.957,-0.457,10.924,23.304,10.085,5.866,15.447,1.027,-3.581,11.161,10.502,24.244,25.186,8.128,30.07,27.011,33.953,18.495,20.637,22.179,3.32,-2.138,10.176,9.49,16.004,4.918,2.832,8.946,28.06,-2.426,3.655,17.136,18.017,14.099,16.58,14.261,3.342,2.624,15.731,44.039,31.746,20.254,46.562,54.869,74.777,83.084,82.192,72.3,74.807,61.715,41.822,40.13,20.438,22.545,21.853,11.96,21.668,16.176,16.483,20.991,22.898,15.606,5.514,2.621,4.756,-6.109,18.718,1.146,12.187,13.028,3.668,1.909,19.97,3.231,-10.908,1.099,8.718,3.737,16.157,18.976,17.995,0.414,26.238,16.063,10.087,3.511,24.135,30.759,33.983,23.207,23.831,28.255,17.679
6,-2,5,37.497,5.469,2.842,4.614,1.586,8.558,17.53,13.102,11.474,7.446,6.818,-5.41,1.464,8.138,1.811,8.485,14.358,24.832,47.705,29.779,44.452,11.126,41.999,-3.327,17.497,19.32,15.144,7.967,11.391,15.815,15.438,-6.738,12.549,23.835,1.122,17.82,16.318,24.616,24.114,10.812,12.71,13.608,12.506,19.804,37.102,34.6,61.498,52.596,52.294,61.192,74.89,92.788,79.487,59.385,54.883,43.181,41.679,16.777,31.275,5.173,14.071,16.969,20.467,6.565,14.863,31.561,21.859,14.557,23.055,16.353,0.451,11.354,28.857,9.559,-2.938,-8.877,0.567,5.218,-1.331,11.703,6.537,18.371,-0.795,3.43,-5.146,21.39,1.726,15.662,4.998,3.134,34.469,13.405,40.141,21.277,48.413,7.949,20.484,26.62
6,-1,5,17.779,3.151,13.758,13.964,16.17,8.577,-3.417,25.339,16.095,10.85,14.606,6.761,12.517,15.473,14.428,11.784,20.939,29.695,46.451,34.406,24.162,25.517,20.673,16.629,14.584,21.34,9.295,11.451,8.007,9.362,10.518,-4.126,26.16,32.246,7.332,18.218,19.104,9.59,28.477,16.163,23.849,14.535,25.621,30.907,35.594,43.48,58.966,60.452,70.538,88.224,93.11,95.997,89.683,86.569,61.255,43.741,37.027,32.714,22.2,17.686,20.772,18.858,27.744,29.231,3.317,16.639,17.761,8.683,15.805,9.128,-6.95,19.252,9.054,0.656,8.666,19.676,0.485,6.301,10.717,4.932,10.748,2.963,8.609,-1.344,-9.915,15.729,12.774,-0.182,22.06,32.103,19.745,33.587,36.63,22.672,35.714,17.357,20.799,16.241
6,0,5,22.274,7.094,5.514,29.133,25.353,-1.227,15.178,29.382,23.986,23.191,29.595,2.0,-11.373,16.035,18.444,22.253,26.861,39.87,40.279,36.087,51.496,24.705,50.113,36.122,23.731,12.539,14.348,13.157,17.566,7.974,7.383,30.392,36.0,18.009,29.418,14.826,-5.765,22.353,3.272,21.426,1.98,20.357,11.933,39.11,30.286,39.463,43.44,46.016,59.593,71.37,76.546,96.123,89.9,74.076,68.653,42.629,30.406,13.383,81.359,59.336,30.313,26.089,11.646,24.203,31.359,27.316,25.873,16.429,16.186,5.342,7.499,20.856,18.432,-6.991,24.078,-0.654,11.407,-3.532,-4.717,5.832,9.382,9.531,1.881,0.45,5.624,22.798,16.573,10.147,2.321,23.119,17.516,17.314,11.512,22.309,17.907,11.105,26.102,20.5
6,1,5,28.558,-10.561,13.719,15.398,1.878,22.178,11.878,14.778,10.278,21.378,14.679,24.779,14.279,7.779,3.679,25.216,14.354,18.491,41.629,22.767,25.504,30.642,32.379,24.917,8.455,8.192,16.33,11.667,11.205,9.942,4.88,16.218,-0.445,13.887,12.219,11.351,3.883,15.055,27.826,14.598,0.17,3.143,11.15,26.157,15.764,35.171,51.578,51.784,77.191,71.198,83.405,83.412,88.219,85.826,68.032,54.239,46.046,42.853,24.26,20.467,25.074,19.681,26.287,41.094,11.501,33.108,10.515,17.922,6.329,21.936,15.142,23.549,10.956,-0.637,-12.638,11.681,12.201,18.121,14.24,-0.04,10.479,12.998,15.118,16.037,9.556,-6.525,1.891,7.927,3.563,19.599,8.635,17.071,22.107,21.543,25.379,19.415,3.851,16.687
6,2,5,20.532,1.134,19.15,19.566,8.581,15.997,23.613,40.629,9.244,15.46,29.636,27.411,15.387,15.763,20.139,21.714,21.49,26.466,27.241,27.417,48.833,34.049,41.064,30.08,7.296,12.112,19.927,-0.057,15.158,-13.427,27.677,23.982,24.686,23.99,16.695,31.799,13.704,11.608,18.512,22.817,-1.279,17.608,5.494,21.438,30.982,25.326,34.469,50.213,69.957,50.3,77.844,74.988,88.131,63.875,57.819,27.563,47.506,21.45,35.794,20.937,25.481,19.425,13.968,11.912,20.856,16.399,10.543,6.487,7.696,10.706,11.116,16.925,16.535,-0.856,13.542,7.54,12.538,13.136,-9.666,8.747,8.359,16.572,11.585,0.397,8.015,20.232,0.65,13.075,19.701,11.926,5.951,21.777,35.002,32.027,35.253,10.278,14.303,17.729
6,3,5,21.661,12.873,18.084,20.096,1.707,17.136,12.966,11.995,17.224,24.253,16.282,6.711,8.741,8.97,4.199,16.628,12.457,27.287,21.916,30.545,37.574,30.603,23.032,4.862,13.691,8.32,11.749,-0.222,19.205,11.032,2.658,2.885,-2.089,-0.489,25.305,9.499,0.692,10.894,6.495,-2.103,12.871,9.245,2.819,10.192,34.366,26.94,33.714,36.488,60.862,73.636,67.41,55.784,59.958,56.132,35.306,16.88,28.854,30.428,31.202,22.176,27.15,34.124,6.098,1.672,-4.137,34.593,16.722,18.651,18.581,16.31,10.24,12.369,17.299,5.828,8.957,2.287,4.84,-8.408,0.98,6.378,-3.424,-4.075,12.812,3.1,22.787,14.875,3.362,12.85,18.537,21.225,19.312,16.8,7.087,27.174,41.262,10.949,22.037,11.524
6,4,5,22.55,12.572,10.995,19.017,18.439,25.262,16.884,23.106,8.929,0.351,-4.623,25.939,5.5,8.462,15.423,10.185,15.547,45.108,33.07,31.631,28.393,25.954,27.516,29.478,13.639,7.801,9.162,14.324,21.085,1.247,4.822,4.197,2.572,13.773,1.374,8.79,15.606,17.022,13.838,12.454,26.27,1.286,-3.285,14.901,14.287,43.073,32.259,46.844,55.03,53.816,65.002,62.188,77.973,61.159,54.545,26.531,29.117,20.502,39.888,25.274,7.66,10.046,-3.369,30.77,21.11,6.249,17.788,28.127,25.266,14.605,29.544,11.484,36.423,-2.638,23.267,2.971,4.476,15.181,-7.714,-8.935,10.289,9.713,0.537,-1.833,-0.426,11.177,15.98,9.982,3.985,13.388,20.391,22.993,25.396,23.599,39.002,19.804,20.007,20.01
6,5,5,21.025,7.227,22.03,13.632,25.834,12.436,9.838,23.84,16.442,9.444,21.646,14.848,12.05,27.652,24.654,32.056,24.858,13.46,26.862,42.264,25.466,42.068,31.47,10.072,6.874,22.876,20.078,-4.52,3.414,25.983,10.553,-4.678,18.62,8.318,8.215,28.113,4.011,8.95,11.29,11.829,15.969,5.108,18.248,14.187,14.727,20.266,35.606,26.745,51.685,67.024,71.164,65.503,49.443,51.982,55.922,20.061,37.401,19.34,29.68,7.219,13.158,24.098,28.437,30.377,24.316,18.856,17.995,27.335,17.674,19.614,15.353,24.493,13.432,-11.028,16.696,21.02,15.944,16.868,-0.607,-6.29,-0.87,-3.459,6.505,5.67,1.034,24.209,17.785,12.96,9.136,8.311,-2.913,15.825,22.963,13.501,18.039,19.378,10.916,27.254
