id,x,y,981.242,981.95,982.657,983.364,984.07,984.777,985.484,986.19,986.896,987.602,988.308,989.015,989.72,990.426,991.131,991.837,992.542,993.247,993.951,994.657,995.361,996.066,996.77,997.475,998.179,998.883,999.586,1000.29,1000.99,1001.7,1002.4,1003.1,1003.81,1004.51,1005.21,1005.92,1006.62,1007.32,1008.02,1008.73,1009.43,1010.13,1010.83,1011.53,1012.23,1012.94,1013.64,1014.34,1015.04,1015.74,1016.44,1017.14,1017.84,1018.54,1019.24,1019.94,1020.64,1021.34,1022.04,1022.74,1023.44,1024.14,1024.84,1025.54,1026.24,1026.94,1027.63,1028.33,1029.03,1029.73,1030.43,1031.13,1031.82,1032.52,1033.22,1033.92,1034.61,1035.31,1036.01,1036.71,1037.4,1038.1,1038.8,1039.49,1040.19,1040.88,1041.58,1042.28,1042.97,1043.67,1044.36,1045.06,1045.75,1046.45,1047.14,1047.84,1048.53,1049.23
6,0,0,416.2,384,424.8,404.8,393.8,391.4,399.8,398.6,409.8,407.4,394.6,402.8,407.6,387,396.6,406.4,389,394,382.8,390.4,416,398.6,392.6,402,382.2,394.4,378.4,393.4,386.2,396,393.8,371.4,388.4,395.6,394,380.4,407.2,401,389.2,385.2,394,389.6,391.2,400.4,400.2,405.6,405.6,405.8,420.2,419.8,410,423.6,425.8,425.8,421,415.2,398.2,392.8,405,392.6,391,389.8,389.4,386,409.2,384.8,388.8,390,391.8,383.4,396,374.2,384.4,385,381.8,375.8,378.8,391.2,377,399.8,394,382,381,389,386.2,394.6,395.4,388.6,395.8,393.8,394,399.8,398,404,408.4,399.4,405.8,392.4
6,1,0,418,410.2,425.2,410.6,411.8,415.2,413.2,407.4,432.4,419.4,402.8,411.2,408.2,407,410.4,408.6,408.8,403.2,411,405,412.8,403.8,397,405.4,401.6,415.4,405.8,403.8,403.2,420.6,411.4,417.6,401.2,411.6,422.2,397,410,407.2,409.2,409.2,421.6,395.2,420.6,405,407.8,408.6,426,423,424.2,433.4,432.6,420.6,421.8,415.8,430.4,426.2,415.4,424.4,412.2,425.4,412.6,402.6,405.6,399.8,406.4,408.8,401.6,398.2,406.6,412.8,396.6,419.6,416,402,411,407,405.2,385.2,397.8,393.4,374.6,388.4,387.8,401.2,401.8,404.8,406.6,405.2,413.6,405.2,401.6,415.4,427.6,409.4,423.6,404.8,410,400.8
6,1,-1,417.6,402,429.8,417.6,429.4,412.4,409,427.6,431.4,417.4,413.2,401,418.6,390.6,421,403.2,412,408.2,415,421,415.4,411,430.2,411.8,416.2,406.2,420.8,414.8,408.6,407.4,399.8,407.8,406.6,412.6,408.8,406,400,398.6,416.6,399.4,398.4,412.6,415.6,418.4,416.2,416.4,433,421.8,445.4,434.4,440,448.4,441.4,432.4,441,412.4,430.6,420,418.2,420,410.4,407.2,406.2,402.2,418.6,403.2,416,404,403,395.2,405.6,404.8,397.6,397.4,406.4,413,405.2,407.4,389.6,408.2,405.8,394.4,416.2,387.6,403.6,389.8,416,415.2,410.6,395.6,416.8,431.8,420.4,434,437.6,399.4,425.8,398.4
6,0,-1,416.2,408.6,418,406.6,415,409.4,404.2,406.4,409.2,412.8,408.6,395.2,403.4,396,404,395.4,399.8,388.6,406.8,390.2,394.4,405.4,398.4,407.2,400,396.2,390.2,404.6,395.6,394.4,377.6,404.4,398.6,403.2,393.4,409.6,405,398.4,398.6,392.6,388.6,396.8,413.2,394,403.8,420.2,421.4,424.6,416.6,427.4,445.8,443.4,439.4,439,417.8,401.4,401,406.4,395.2,403,395.8,398,399.8,392.6,382.4,391.4,392.8,394.8,390.4,389.6,379.6,413.8,396.6,395.6,395.8,378,392,398.4,393,380.2,378.4,389.6,394.2,398.6,399.6,403.2,396.4,398.8,403,393.4,391.2,397.8,395,401.8,391.8,406.2,399.8,390.6
6,-1,-1,445.2,415.4,438.8,415.4,433.8,421.6,415.2,425.8,433.8,429,414.4,414.4,432.2,419.8,419.8,426,409.2,424.6,427.2,432,421.4,407.8,429.4,420.8,406.4,414,399,416.8,416.2,414.6,415.6,418.2,415.6,413.2,411.6,425.6,421.8,411,398.8,416,426,409.6,422.4,419.6,414.4,430.2,427.2,453,450.4,448.8,452.4,457.8,457.4,460.8,445.2,449.2,437.4,433.2,424,420.4,414.6,409.4,427.4,436,431.4,407,418.4,419.6,426.4,418.2,407.6,421.2,396.2,390,408.4,406,410.8,407.4,405.4,415.4,412.6,409.8,406.8,420.2,407,433.8,408.2,411.4,424.6,415,434.4,427.2,416.4,428.8,415.4,431.6,424.2,418.2
6,-1,0,407.4,392,415.4,391,407.8,398.4,412.4,397.4,399,418,395.8,407.4,390.8,394.6,400.2,399,384,398.4,397.6,394.2,394.4,385,400.4,398.8,386.8,396.6,402.2,407.2,404.8,407.6,399.4,389.6,402.2,391.8,391.2,392.8,408.4,401.8,392.2,400,407,396,400,393.8,411.8,399,418.8,417.2,425.8,436.8,433.8,443.8,451.6,435.4,425.6,418.4,411,401.2,387,395.6,420.6,399.4,407.6,399.8,392.6,392.4,404,392.4,373.4,396.8,384.4,412.8,393.2,395.2,391.6,383,398.8,386.8,390.4,376.4,399.6,386.6,380.8,379.8,384.6,410.8,387.6,386.8,400.4,400.8,377,387.2,393.6,400,412.4,413.4,405.8,393
6,-1,1,418.8,407.6,402,409.4,414.6,411.4,407.2,406.6,417.4,419,428,413.2,413.8,405.2,407.4,403.4,415.8,389.2,399.6,386.6,411.8,403.6,407,406.2,407.6,408.2,395,398.6,404,403.2,404.6,405.4,395,390.2,402.8,407.2,393.8,422,408.8,408.2,399.6,388.8,409.2,409.8,409,425.4,413.8,428,438.6,441.8,442,463.4,455.8,443.4,429.4,428.6,419.6,399.4,403.8,409.2,423.4,399.2,402.6,396.6,391,413.6,394.6,409,387.2,403.2,394.2,425.6,409.8,401.2,399,394.6,410.2,397.2,397.8,395.6,392.4,404.4,393.2,408.4,402.2,387.8,403.6,394.4,396.6,404.2,400.8,410.2,428.6,407.2,417.6,406.2,405,408.8
6,0,1,429.2,395.4,400.2,411.2,404.6,400.2,406.2,415.6,414.6,410.4,402.6,413.2,391.8,390.8,389.4,409,407.4,395,395.8,415,402,405,411.6,394.4,409.8,394.2,405.6,415.8,400.4,402.4,387,391,414.2,398.2,406.2,398.2,395.2,403.6,406,404.2,392.2,393.6,404.2,419.4,407.8,406,416,413.6,420.2,432.6,434,451.8,427.4,422.4,426.2,419,422.6,405.6,412.6,393.4,394.6,416.8,408.8,393,403.2,407,396.2,388,401.4,401.2,382.6,397.4,403.2,408.4,404.2,401.4,380.2,393.4,389.6,396.6,394.2,393.6,404.6,382.6,381.6,397.6,397.2,396.8,409.2,399.4,396.2,403.6,408.2,408.2,417.4,415.4,389.6,392.4
6,1,1,442.8,413,420.4,432.4,409.8,440,414.6,417.4,421,423.4,419,418.4,416.8,416,387.8,422.2,404,423.2,415.4,416.4,427.2,411.6,410.8,421,415,406.8,415,414.6,410.2,403.6,423.6,419.8,422.6,406.6,400.6,413.8,404.6,421,419.6,410.4,421.6,423,410.8,414.2,429.6,430,444.6,430.6,443,448.6,453.4,449.8,454.8,427.8,436.4,427.4,422.4,423.2,422.8,409,412,397.2,419.8,406.2,404.4,418.4,414.2,413.4,398.6,413.4,414.6,412.4,416.2,406.6,397.2,410,403.2,405.8,400.6,398.4,393.4,405.8,418,401,411.8,416.6,409.6,407.6,414.6,419,418.6,418.4,425.8,422.8,424.4,399.2,420,412.6
6,2,1,452.8,433,433,447.2,435.8,426.4,437.4,439.6,440.4,439.6,445.8,429,448.4,433.8,440.4,450.2,439.4,429.6,429.4,423.8,434.8,453,437.8,436.4,449,437.6,425.8,435.2,430.4,428.8,443,430.8,430.8,434.4,423,439.8,430,439.6,439.4,442,421.2,432.6,434.8,446.6,423.2,452.8,447.8,466.2,462.6,447.2,473.8,474.6,460.2,469.6,461.4,454.2,443.2,436.8,420,433.8,427,439.6,429.6,451.6,442.2,422.4,434.2,431.2,434.2,429.4,426.4,437,421.4,425.2,443.6,432.6,424.2,427.8,411.4,427.8,417.4,428.8,422.4,426.4,417.4,427.2,434.8,437.2,440,431,434,441.8,446.8,444,461.4,427.2,445,416.6
6,2,0,436,406,402,407,397.8,417.2,412.8,420,433.4,415.8,410.8,410.4,406.8,405.8,402.8,401.4,403.6,404.8,417.6,405.4,395.6,410.4,421.6,391,411.6,414,395.2,417.4,408.4,402.4,415,407.4,396.6,400.8,399.2,416.4,402.8,411.2,409.2,405,409.2,406,414.6,420.2,420,425.8,424.2,422.2,432.2,442.8,429.4,438.4,421.4,420.6,430.8,421.2,423.4,400,428.6,403.6,405.4,412,402.6,405.4,407.4,406.6,404.2,404.6,401.2,409.4,413.4,396.6,417,400.8,407.6,409.4,400.8,399.4,401,404.4,412.2,394.8,392.2,386,400.2,410.2,406,417.2,409,394.6,410,412.8,410,415,432.4,426,400.8,399.4
6,2,-1,437.6,378.2,412.8,412.4,406.8,397,402.4,410.8,403,404.8,423,401.6,400.2,401.8,402.4,405,402.2,411.6,405.2,412.4,394.8,400.2,394,408,392.8,401.6,406,405.4,400.6,404,391.4,389.8,405.4,417.2,396.8,409.8,407.4,400,394.6,408.2,412,411,414.2,398,415.8,408.2,418,405,423.6,432,425.8,431.8,420.8,427,419.6,427.2,411.8,403,406,403.4,408.2,402.2,399.2,408.4,409.2,387.4,400.6,393.8,385,383.2,389.4,408,401.8,406,387.4,388.4,405.8,392,385,409.8,397.2,395.6,383.6,384.2,414.8,395.6,414.6,404.2,394,417,387.2,400.6,403.4,405.6,421,393.6,389.4,398.8
6,2,-2,444.6,426,407,429.6,416,417,425,421,418.8,417.6,420.2,420,422.4,405.8,438.4,410.6,415.2,407,397,413.6,411.2,420.6,420.2,397,428.8,413.6,401.2,441.4,424.2,420.2,426.2,405.2,428.2,414.6,407.6,400.6,435.6,413.8,413.6,420.4,406.8,414.6,422.8,406.4,415.4,420,439.4,442,442.4,431.8,431,444.8,446.6,427.6,435.6,435.4,423.2,430.8,407.8,412.2,413.8,410,428,413.8,414.4,420,414,414,400,422.4,407.2,424.6,425.6,408.4,396.2,410,415.4,406.8,415.2,419.8,414.4,401.8,400.8,419.8,405.8,420,413.6,415.8,415.6,429.4,424.2,414.4,418.4,421.6,420.4,414.2,418.8,417.4
6,1,-2,414,421.2,433.4,416.8,410,413.4,406.2,413.4,417.2,424.4,420,416.8,419.2,398.4,406.6,401,395.6,416.2,416.8,398.4,410.2,410.4,409.2,399.4,407.8,417.6,398.6,412.6,408,413.8,408.6,396.8,404,404.2,391.4,410.2,396.2,405.6,423.2,396.4,413.4,409.6,396,402.4,415.2,416.8,429.8,413.4,440.4,432,451.8,432.4,433.4,430.2,418,410.4,425.2,403.4,411,400.2,400.8,393.6,408.4,399.8,399.6,403.4,406.2,403,392.4,402,395.6,416.2,399.4,405,404.4,410,384.8,400.6,418.6,404.8,384,398.2,393.2,405.6,399.8,412,407,403.8,408,407.8,398.8,399.2,417.4,410.6,408.6,409.6,421,395.8
6,0,-2,438.6,422.6,430.2,413.2,416.6,437.2,414.2,442.4,433.8,424.8,425.4,415.2,419.6,421,409.6,414.4,405.2,415.6,412,422,421.4,412.6,414.6,428.6,423.6,400.8,403.4,419.8,408.2,408.4,423.2,424.4,421.8,428.4,416.6,415.8,420,414,428.4,410.6,426,427.8,419.8,411.6,420.4,434.4,428.6,441.4,438.8,449.2,447.8,465.4,443.4,447.8,444.4,421.6,431.8,419.6,424.2,421.6,430.2,427.6,422.4,416.2,399.8,408.8,410.8,413,400,407.4,406.6,424.6,415.2,403,412.2,422.4,408.6,417,408.4,412,409.4,417.8,405.2,404.8,397.2,397,408.2,412.6,423.4,422.8,418,421.6,404.6,430.6,418.8,410.2,417,415.2
6,-1,-2,473.6,446,450.8,462,435.6,451,463.2,464.6,467.2,452.6,443.2,457.6,441.8,441.4,451.2,457,448.2,429,436.2,456.4,460.2,451.6,437.8,444,451.8,457.6,450.4,446,441,445.6,445.4,455,464.2,445.4,457.4,449.6,456.8,448.84,453.88,446.72,449.56,445.6,450.44,465.48,445.32,460.56,472.8,471.2,483.6,481.8,504.8,486.2,491.6,481.8,485.6,465.6,459.4,444,472.2,459,449.6,436.8,441.2,434.6,443.8,455.4,454.4,435.8,437.8,442.2,435.2,455,449,443,436.2,447,436,443,430.2,438.4,439.6,440,436,423.6,453,448.2,436.4,437,437.4,446.4,454,458.6,444.2,458.6,477.6,449.8,451.8,450
6,-2,-2,484.4,481.6,463.2,465.8,473.6,457,469.6,490,475.6,464,470.8,477.6,474.6,485.8,470.2,469,462.6,460.8,453,477.6,476,465.2,477.8,474.2,467.8,456.4,462.6,466,468.2,470,458,464.2,462.6,485.4,464.2,467.4,464.8,473.4,461,475.8,452.2,467,463,470.6,474.2,479.8,491.2,499.6,513.2,513,522.8,508.2,522.6,505.4,518.6,495.8,490,471.8,470,472,493.4,478.4,475.2,456,461.8,458.6,464.6,458.2,451.6,469.2,464.8,465.2,460.6,452.8,453.4,456.4,475.6,455,455.2,454.6,456,442.8,462.6,449.6,458,473.4,482,458.8,467.8,461.4,474.2,473.4,467,466.6,492.8,482.8,472.2,485.8
6,-2,-1,456.4,420.6,443.8,447.4,427,432.6,430.2,434.8,429.8,431.8,408,432.2,430.8,425.6,433.8,407.6,422.2,405.6,421.6,428.8,407,417,437.6,413.8,430.8,424.8,425,435.4,435.6,425.8,417.2,408.4,427.2,418,418.8,407.4,406.8,426.2,427.8,436.6,422.4,417,420.8,427.6,426.4,448.8,435.2,438.6,452.6,467.2,474.2,477,455.4,460.8,459.8,455.8,426.6,445.4,432,437,435.2,439.4,420.4,422.8,426.2,434.2,427.2,419.4,421.6,416.4,424.4,420,428.2,406,411.4,415.6,419.4,420.6,411.2,405.2,410,422.6,417.6,410.2,421.4,429.2,408,416.2,417.6,424,426.8,431,421.6,434.2,443.8,428,425,438.4
6,-2,0,426.4,407.8,413.4,430,408.4,387,403.2,404,406.4,409.6,427.2,413,394.8,409,408,394.8,413.6,406.6,408.8,409.4,409.2,416.2,414.6,423.6,396,422.8,393,409.4,405.2,406.2,408.8,402.2,411.2,416.8,393.8,427.4,406,403.6,415.2,398.4,392.8,405.6,401,416.8,413.4,418.8,426.4,430.4,442.4,431,447,437.6,433.8,449,431.2,441.2,405.2,411.6,399.6,398,403.4,400.2,423,396.2,399.8,413.6,402,405.8,398.8,406.4,403.4,409.2,400.8,392.8,406,403,405.8,404.2,397,392,391.8,392.2,403.6,399.4,394.8,406.8,405,395,398.8,411.4,403.8,416.4,419.6,413.2,410.4,407.8,405,420
6,-2,1,426,412.2,432.4,420,422.8,413.8,420.4,441,413.6,431.2,427.2,418.4,420.8,409,419.2,424.4,417.8,418.6,418.8,404.4,427.8,422.6,422.8,431,417.8,411.8,415.4,425.8,416.2,410.6,430.4,412.6,413.8,428.8,421.2,414.2,410.6,425.4,417.6,420.2,418.8,408.8,430.4,410.8,425.4,436.2,448.6,453,469.6,464.2,478.8,471.2,458,470,452.6,455,438.4,436.2,426.2,421,429.8,422.2,423,438.4,403.4,427.4,429,400.6,418.6,429.2,408.4,423,423.2,420.4,407.2,413.4,407.4,408.4,422.4,418.4,409.6,400,425.2,409.8,383.4,415.6,399.4,413.2,410.8,421.8,415,437.6,420,436,445.8,415.8,421.2,430
6,-2,2,469,451,469,449.6,454.6,469.6,464.4,457.6,453.4,471.8,465,459,460.8,461.8,453.8,449.6,458.8,459,439.8,434.2,443.2,464,451.4,455.8,448,450.2,455.4,464.4,458.2,446.6,457.6,449.2,457.2,457.4,447.6,450.8,459,454.8,467,455.8,464.2,457.8,450.2,458.2,458.6,459.4,466.2,500.2,487.4,504.6,506,510.8,506.6,505.2,499,475,474.4,463.2,455,458,454.2,463.8,444.4,460.4,449.8,454.6,465.6,456.2,458.6,453,446,453.8,462.4,443.6,445.4,435.6,436.6,437.4,438,432.8,441.8,437.6,435,450.6,447.8,444.2,443.6,452.6,430.6,452.2,468.4,454.8,454.4,461.4,451.2,460.2,449.4,468
6,-1,2,474.8,440,474.6,467.4,446.4,455.2,451.2,448.6,451.8,457.8,459.8,456,446.6,445.6,435,452.4,450.2,438,457.4,451.4,462.8,439,458.8,441.8,447.2,431.6,446.6,449.8,445.4,459.6,457.2,441.8,453.4,453,441.6,455.2,459.6,450,460.2,434.6,447.2,454.4,445.6,443.4,458.4,480,478,488,480.4,499,519.6,503.4,506.8,506.6,500.2,478.8,461.4,459.6,456.4,455.4,446,449.4,442.6,441,446,446.2,440,469.2,457.6,446.8,449.6,439.6,439.4,438.2,432.8,421.6,436.2,450.8,440,432.8,438,441.4,442,437.6,439.4,444,443.8,443,441.6,437,446,468.8,474.2,445.4,446,443.6,448,448.8
6,0,2,460,436.6,468.2,452,438.6,458.4,436.4,443.6,469.2,460.2,441,445.6,444.2,455.6,443.8,440.6,440.8,444.4,439.8,456.2,423.6,454.8,449.4,433.6,448.6,460,450.2,434,456.6,446.2,444.2,445.4,445,460.4,440.2,450,447.4,436.4,464.6,435.8,443.6,455.6,429.8,460.6,442.8,468.8,467.2,480,485.6,484.8,507.4,494.8,487,485.4,481.8,466.4,469.2,460.4,450,439.4,439.6,458,460.2,440.8,450,456.2,439.2,463.4,433.6,449.6,439.6,450.2,434.4,444.6,443.4,413.8,413,449,433,431,429.2,436.8,425.2,427.6,434.2,425.4,432.4,431,445.8,442.8,443.2,444,464.2,457.4,465.2,442,453.4,445.2
6,1,2,471.6,475,484.4,470.2,472,456,455.8,474.8,477,468.4,463.6,471.2,469.6,466,472.2,450.8,452.6,456.6,461.4,466.8,481.2,457,462.4,456.8,454.2,470.8,464,457.6,446,463.6,462.8,461.6,473.2,459.8,456,463.2,474.2,467.4,469,474.4,452.6,464.6,462.2,458,473.2,473.2,487,479.4,518,510.6,503.6,507.6,517.6,508.8,501.6,497,481,475.8,466.8,462.8,470.6,472,470.8,439.4,484.2,455.6,465.6,447,454.4,445,456.4,461.8,473.8,444.4,450,451.8,452.4,467.2,448.2,450,455.6,455,457.6,452,452.4,461,460.6,449.4,449.6,445,469.2,470,473.6,483.6,458.8,471,462.2,460.2
6,2,2,484.8,468.2,485.2,471,453,471.2,473.6,472,484.8,487.2,465.2,463.6,471.2,463.4,474.2,467.2,471.6,458.4,481.4,467.2,461.2,458.2,464.6,473.6,457.8,472,461.4,463.6,457,445.8,466.6,475.6,479.6,465,461.8,485.4,472.4,464.6,474,467.6,467.8,460,449.4,471.8,492,478.2,503.6,478.8,512,526,507.4,515.8,524.2,506,508,499.4,478,481.2,476.8,467.8,472.8,463,468.2,467.8,477,461.2,462.8,472.2,462.4,447.2,441.2,488.2,449.6,458.6,466.6,452.4,456.2,452.4,459.4,453.2,440.6,450.4,462.8,452.4,473.8,466.6,473,460.6,469.2,459.2,473.4,481.6,473.4,481,475.2,471.6,474.6,461.6
6,3,2,511.2,493.2,502.6,480.2,490.8,481.8,485.6,476.6,481.4,479.8,488.2,486.2,477.4,466,485.8,478.8,479.4,493,472.4,470.4,477.8,494.8,483.6,474,475.4,486.4,468.8,458.6,462.8,465.4,490.8,470.4,486.2,475.6,466.6,460.4,479.6,481.4,474.6,475,479.4,457.4,459.4,481.4,486.8,486.6,480.4,514.6,515.6,516,524,531,533.6,525,508,503.6,479.4,492.4,480.4,481.2,488.8,489.2,484.8,487.8,482,477.8,470.8,479.8,470.8,471.2,481.6,479.8,490,460,479.2,468,471,457.4,473.4,469.8,445,480.2,463.8,479.4,449.8,466.6,480.8,463.6,483.6,482.6,462.8,478.8,496.4,498,490.2,477.2,478.8,476.4
6,3,1,452.4,432.4,447.8,437,447.8,428.4,431.6,449.6,455.6,438.6,453.6,433.8,437.8,417.2,426.4,440.4,445,430,433.6,439.2,441.2,435.6,436,443,428.6,428.2,428.6,440.8,435.8,434.2,444.2,426.6,439.6,433.8,430.6,431.4,427.4,416.6,445,433.2,428.6,444.4,425,442,435.4,438.8,449,462.8,465.6,462.6,481.4,486.4,486,462.8,444.4,450.4,434.4,442.8,434.2,424.4,447.4,429,426.2,431.6,428,437.6,439.8,408.4,434.8,432.2,437.6,432.2,435.8,437.8,426.6,422.4,428.8,433.8,422.8,427.6,425.8,426.8,428,426.2,428.6,420.6,421.6,426.2,443.2,432.6,427.8,437.8,438.4,452.2,444.6,424,452.8,440
6,3,0,438.8,432.2,431.8,424.8,416.4,414.8,407.8,434,431.8,422.4,414.4,419,413.2,405,407.4,431.6,416.8,422.6,393.2,419.6,419.6,410,418.6,424.8,422.8,429.2,398.8,415,414.8,406.8,419.2,422,419,417,410.2,415.8,418.8,404.8,417.8,437.2,419.6,427.2,408.4,403,418.4,410.6,424.4,426.2,449.4,440.56,450.12,455.68,444.64,451.4,418.56,421.32,427.68,425.24,409.8,414.8,410.4,409.4,423.8,406.4,402.6,414.2,423.2,418,408.6,411,416.2,407.6,419.2,422,412.2,403.6,407.6,430.4,404.4,408.4,411.8,411.4,411,414.6,410.8,420.8,411,408,409.6,408,412.8,408.6,430.8,407.4,428.8,411.8,419.8,419.4
6,3,-1,423.8,400,392.8,414.4,406.2,412.8,406.8,403.8,404,395.4,389.8,410,389.2,396.8,404.2,399.4,404.8,392.8,392.2,395.6,408.8,396,405.2,399.8,405.6,389.2,407,398,392.8,399.8,389.2,407.2,397.8,414.4,395.2,396.2,393.8,395,392,403,390,408,407,394,400.2,406.8,407.6,410.8,436.8,438,428.8,429,454,416.4,419.4,415.8,408.2,424.2,407.4,405.8,409.4,408,394.6,406.8,398,395,406.6,402,400.6,396,377,391.2,388.6,396.8,391.6,385,404,391.4,401.8,390.8,414.4,401.6,390.6,385.6,385.8,391.8,391.2,396.4,399.6,405.2,396.8,406,394.2,403.8,420.8,405.4,407.4,396.2
6,3,-2,441.2,405.2,417.6,399.4,422.4,419.4,393.4,432,413.8,423.4,435.2,406.2,408.8,427.8,413,404.8,412.8,399.4,397.6,417.2,408.8,413.6,404,409.4,406,405.6,403,418.4,401,399.4,395.4,408.8,408.8,418,996,887.4,670.6,510.8,426.2,495,672.2,756.4,454.6,403.6,406,401,416.4,423.2,432.6,430.2,440.2,424.2,421.6,428.8,440.8,418.8,418,403.8,416.8,404.4,411.8,400.2,405,409.2,409.6,415.2,407.4,385.4,402.8,409.6,402.4,395.6,401,392.6,415,389.8,408.8,386.6,391.4,403,385.8,401.4,392.2,397,400.4,394.2,409.4,389.6,394.6,400.6,393.2,399,410.6,401.2,418.8,412.6,419.2,418.8
6,3,-3,439.4,422.8,434,433.4,432.6,428,433.8,432.4,440.6,425.2,425.6,420.4,425.2,418.2,415,406,411.2,410.6,415.4,424.8,406.8,421.2,420.6,416.2,418.6,415.8,416.6,411.4,403.4,404.2,412,415,420,416.2,417.6,415.2,421,426,427.6,408.8,413.8,429.4,415.4,422.4,427.6,423.8,418.6,430.8,455.2,446.2,452.4,444.2,443.6,429.4,440,426.6,426.4,426.4,415.6,411.2,407.8,431.2,413.4,421.2,412.6,415,415.6,408.6,418.2,423.6,409.4,420,418.2,428.6,414.4,413,424.6,407.6,412.8,407,428,410.8,419.6,408.2,412.6,397,430.6,411.2,425,424.6,418,411.2,423,437.6,431,406.4,426.4,422.6
6,2,-3,432,400,404.8,406.2,391.8,415.8,408,429,412,402.8,418,404.4,399.2,396.8,394.6,398.2,408.6,408.6,390.4,392.8,402.2,406.2,391.6,394,403.4,398.6,388.2,400.6,400.2,388,401.2,396.2,397.4,419.8,393.8,401.4,402.6,405.6,417,404,375.8,407.2,406.2,392,413.6,398.8,414.2,439.4,420.8,416,438.8,423.2,432.8,420.8,427,417.6,411.8,394.8,403.4,395.2,393.4,416.4,413.8,396.4,408.4,393.6,403.4,394.8,395.4,406.8,398.2,388.4,409.6,402.4,395.8,399.2,384.2,389.6,398.4,406,389,405.4,381.8,384.4,382,410.4,392,407,407.4,411.6,422.2,409.2,399,396.8,409.4,386.6,410.6,396.4
6,1,-3,415.4,410.2,418.8,416.2,416.8,391,415,421.8,420.8,422.2,422,395.4,400.2,409.8,405.4,403.2,403,422.4,393.6,406.4,408.2,402.66,405.32,404.98,390.84,412.1,400.16,405.82,410.68,401.94,398.2,411.4,403.4,420.6,421.2,426.8,408.8,403.8,404.2,410.4,402.6,404.4,413.8,420.2,402,414.2,419.4,422.4,436.6,431,437.8,450.2,445.6,437.2,423.6,423.4,420.6,407.2,422.8,406,410.4,387.2,401.8,406.8,396.4,400.2,392.6,405.2,411.8,400,391.6,403,405.6,391.2,393.4,400.4,384.8,402.8,387.4,398.6,394.6,391,393.4,386.6,386.6,399.4,401.2,398.6,394.8,405.8,387.2,410,392.8,410.8,430.8,400.4,410,397.2
6,0,-3,435.8,427.6,436,431.8,436.6,427.2,430,438.2,437.8,433.6,429,422.8,436,421.2,416.4,434.4,439.6,422.4,431.2,425.2,431.8,423.6,445,430.8,423.8,413.2,431.8,434.4,402.4,421.2,432.8,416.6,410.4,431.4,430,427,417.2,425.8,423.2,425.4,412.4,412.2,431.6,439,419.2,448.8,451.2,453,460.2,456.2,459.2,468.8,456.8,454.4,468.8,437.6,439.4,443,426.4,424.6,432,412.6,427.8,435.2,431.2,421.8,429.2,410.2,422,417,413.8,428.6,424,416,408.4,428.8,413.4,407.2,402.6,414,420,412,426,424.4,413.4,428.2,426.2,420.6,432.2,421.6,425.2,434,425,434.6,425.6,423.2,429.8,415.2
6,-1,-3,470.8,444.4,466,471.2,459.4,470.6,475.6,461.2,470.2,464.2,447,451.2,458,451.2,452.4,461,457.4,456,455.2,457,458,443.2,465.2,448,474.8,451,443.4,461.2,444.4,463.4,457,459,454,458.4,456.2,471.2,440.8,443.4,467.8,454.2,441.4,457.8,461.4,478.6,464,466.6,492.6,481.4,489.4,497,506.2,512.8,504.4,517.6,480.4,482.4,471.4,461,467.6,465.8,454.2,474.4,455.4,450.8,451.2,442.6,444.4,464.4,451.8,452.4,444.2,437,444.4,442,440.4,458.8,445.8,451.2,432,437.4,444,455.8,429.6,454.4,457.2,454,463.2,440.8,460.6,468.2,455.6,449,453.4,472.4,458,459.2,445,455.6
6,-2,-3,478.8,463.8,488.6,467.6,487.2,476.4,473.4,488.4,481.6,476.4,466.6,468,476.2,481,478.2,479.2,472,484.4,486.8,475.8,477,470.4,471.4,477.2,464.8,468.8,472.8,467,463,459.6,454.4,483.2,460.6,472.4,463,471.8,479.4,469.2,463,474.8,477.4,465.6,467.2,477.4,478,487.8,500.2,498.4,506.6,524,530.8,535.8,524.2,526,525,507,497,482.6,476.4,465.2,491,478.8,459.6,445,465.8,466.6,467.4,468,464,475.2,455.8,462,463.8,457.2,467.8,442.6,458.4,472.2,461.4,452.8,438.4,473.2,464.2,469.8,445.6,466.8,457.2,470.6,481,461.4,469.8,469.6,463.8,482.8,490,477.2,488,480.4
6,-3,-3,522.6,491,498.4,513.6,493.4,481.6,490,525,500.2,507.2,505.4,493.6,507.2,505.8,480.6,485,496.2,488.2,515,504.8,491.6,509.2,509.2,500.2,494.4,501.4,517,508.2,495.4,496.6,493.6,503,510.8,507.2,492.4,480.8,486.6,494.6,497.4,490.4,486.8,506.8,516.2,516.6,520.8,535.6,523.2,544,544.2,563.4,561.8,560.8,546.8,537.2,539.4,544.4,529.4,513.8,507,517.6,500.8,499.2,506.2,498,491,494,505,497,489.2,489.2,487.2,499.4,504.6,495.8,493,485.6,487.6,474.2,487.2,494.8,478,480.4,484.6,476.6,495,479.6,504.6,502.4,502.6,491.6,505.8,512,518.8,503.4,515.4,507,519.8,484.2
6,-3,-2,460.2,435.6,438.4,432.8,439.8,434.6,423,450.6,433.4,430.2,434,426.8,439.8,422,435.8,433.8,431.6,423.4,430.4,416.8,429,429.6,433.4,440.2,433.2,431.4,441,455.8,431.8,420,433.6,429.8,443.6,437.4,425,436.2,420.2,425,436,443.2,426,431,425,440.2,433.8,449.4,461.2,458.4,476,477,486.4,480.4,481.8,474,464.2,443,451.4,443.6,430.2,437.6,433.2,443.8,419.8,425,431.4,430.8,419.4,426.8,435.2,430,427.6,440.6,421.8,416.6,420.4,430.4,421.2,431.4,417.4,419.2,412.2,415.6,429,416.8,415.8,428.8,433.4,438.2,416.2,429.8,435.6,435.8,437,446.8,461.4,435,412,443.8
6,-3,-1,423,414.4,411.2,429.4,433.2,418.8,423.6,429.8,423,415.2,416.4,428.8,408.6,404.6,405.2,409.2,411.8,426.8,418.6,406,419.4,412.4,415.4,417.8,422.6,423.6,413.6,416,405.8,394.2,408.2,409.8,400.2,412,401,409.8,414,415.8,416.8,426.2,415.4,421.6,421.8,432.8,413.8,413.2,433.8,449,447.6,471.2,464.2,456.6,451.4,467.6,456,443.8,440,440.6,425.6,425.6,430.2,411.6,418.4,422.4,405.6,396,409.2,418.4,414,419,405.8,407.2,420.8,404.6,407.6,410.6,410.2,401,393.4,415.6,413,395.6,392.6,409.8,402.8,422.4,412.6,407.4,412,414.4,410.2,411.4,430.8,422.8,422,434,420.8,414.2
6,-3,0,427.6,411.6,428.2,423,414.6,422.6,422,428.2,425.8,417,408.8,426.8,412,404.6,419.4,418.8,412.4,412.6,412.6,414,425.6,420,408.2,423,412.8,418,417.8,415,402.4,404.6,404,405.8,407.6,411.4,409.4,424.4,412,419,408.6,422.8,404.8,412,404,426.2,413,416.8,441.4,441.4,454.6,453.2,464.4,484.4,463.6,452,460.4,454,425.8,436.8,424.4,424,418.4,418.4,425.4,419.6,418.8,414,403.8,422.2,406.8,405.8,409,412.8,415.8,405.2,399.2,401.2,410.6,410.8,402.4,396.6,404.8,402.2,403.8,400,399,406.2,397.2,412.4,422.4,414.2,430,424.8,435.6,406.8,427.2,423.2,421.2,414.2
6,-3,1,435,405,429.4,417.2,420.8,430.2,420,421.4,428.8,431.4,434.6,422.8,420.2,412.4,416,410.8,431,411.4,421.4,418,419.2,432.4,428.4,414.2,407,414.4,425.2,415.8,429.4,413.4,412.6,405.4,416.8,419.4,418.4,417.2,425.8,417.2,445.6,417,410,411.6,420.8,430.2,429.8,431.8,436,440.4,452.2,476.4,473.6,457.8,482.2,478.6,455.8,456.6,428.4,437.2,440.8,417,423.2,426,422.2,412.6,408,421.6,423.4,422,412.6,406.2,411.6,410,413.8,412.4,419.4,401.6,411.6,410.6,403.6,421.4,416,410.4,411.8,412.8,407,409.2,415.8,420.6,412,421.6,433,428.8,426,430,439.6,423.6,428.2,412
6,-3,2,459.6,442.6,444.2,439,451,440.2,450.6,445,446,448,447.4,444,451.2,447,443,455,453.8,452.6,456.2,443.8,465.2,460.8,444.6,443.6,441.6,441.2,453.2,439.6,445.6,434.4,451.4,440.2,449.6,438.4,439,439.8,443.8,447.6,447.6,436.4,452.8,450,453.8,431.6,457.8,454.6,479,460.6,507.6,494.8,508.4,514.8,502.2,497.4,501,490.4,478.4,474.2,449.8,442.4,450.4,456.4,458.8,455.4,452.4,447.2,452.2,426.8,446.2,422.8,418.4,435.8,451.8,422.2,421.8,432.8,431,443.8,418.4,427.2,438.2,435.8,422.8,438.4,417.8,444.6,433.6,447.2,456.4,452.4,426.6,449.4,447.2,458,452.6,468.4,452.2,443.6
6,-3,3,490.6,489.2,483.6,482.4,492.2,478.6,478.2,487.6,492.8,484.2,483.8,487.8,465.4,458.2,491.6,489.2,488,508,503.4,491,496.2,508.6,499,497.8,476.4,497.4,488.6,492.8,476.2,490.4,495.8,481,482,490,495.8,485.8,483.4,491.4,497.8,479.6,480,478.8,488.8,481.6,498.2,490,490.4,535.8,540.8,541.4,578.4,547,564.2,540.2,539.8,525.2,511,509,484.4,501,479.2,484.6,469.2,481.2,478.8,487,482.8,480.6,487.6,489.8,478,472.6,463.4,474,486,488.2,459.2,470,476,452.4,463.8,478.4,474,458.6,486.4,474.2,462.6,488.6,480.8,486.2,477.8,501,493.4,484.4,488,496.2,477.6,468
6,-2,3,490.4,448.4,470.8,448.6,463.4,449.4,442,475.8,450.2,453.2,458.8,456.6,458.8,468.4,464.2,458.6,484.2,479.8,499,485.6,498.2,494.4,488.6,482.8,450.2,455,449.4,451.6,461.4,448.4,454.4,468,460.2,463,431.8,445,463.6,458.2,450.8,466.4,466.6,455.4,451.2,449.2,487.8,483.6,486.4,488,517,528.4,529.6,526.8,521.6,536.8,505,488.6,493,475.4,472,457,470.8,469.8,472.4,456.6,441.4,438.2,449.6,456.4,452.6,457.6,458.8,457.8,439.2,456.4,447.2,453,437.8,446.6,451.2,441,441.2,448.8,439.8,446.2,426.8,447.8,442.4,456.6,467.6,454,458,466.6,473.6,459,473.6,454.8,474.4,459.4
6,-1,3,439.2,428.8,443.2,451.6,437.2,435.6,436.8,455.4,431.8,444.2,462.8,445.4,430.4,438.6,424.8,464.6,496.6,502.2,528,542.8,528,535.6,517.6,490.6,454.8,441.8,435.6,431.8,423.6,433.4,439.4,430.8,433.8,427,441.2,423.2,437.4,431.6,442.8,444.4,463.6,439.4,442,442,452.6,470.6,469,481,499.6,509,520.2,506.4,517,498.6,496.6,469,466.8,457.8,456.8,440,439.2,440,431.2,441,436.4,440.6,444,432.6,443.4,425.4,440,432.6,439.8,428.4,430.2,417.6,419,431.6,422.6,439.2,421,428.4,423.8,417.2,428.2,432.4,424,449.2,430.2,448,440.8,441.6,458,454.4,458.6,439.8,434.4,453
6,0,3,462.2,432.4,446.6,450.6,460.4,437.2,441,443.8,450.4,434.8,431.2,428.2,448,451.8,446.8,485,521.2,555.2,582,620,621.4,620.4,592.2,563.6,476.8,444.8,442.4,442,436,443.8,438.6,447.4,425.2,445.2,435.8,440.8,441.8,440.2,429.4,443.4,445.4,434.4,448.8,442.4,451.4,457.2,484.6,472.6,506,508.4,508.8,507,528,500.8,507.2,474.8,484.8,448.8,449.6,447,439.4,450.8,460.8,438.2,454,437.4,425.4,441.6,435.6,438.2,435,442.6,451.8,422.8,419.8,449,429.4,426.4,432.2,426.6,428,420.8,439.2,426.2,442.2,446,438.2,443,451.4,426.8,448.8,460.4,449.4,449,464.2,444.6,452.2,441.2
6,1,3,451.6,431.8,457.2,448.6,459.8,441.6,463.2,458.6,442.6,452.4,444.8,436.6,452.8,448.2,446.2,505.2,531.4,571.4,592.8,611.6,613,599.6,586.6,556.6,483.6,451.8,450,432.6,459.6,443.2,443,435.4,443.4,441.6,423.4,450.8,438.8,440.8,436.2,447,444.6,453,440.2,440.4,450.4,478.6,473.4,480.2,497.2,487.8,522.8,521,512.8,513.6,501,482.6,465.6,456,444.6,466,442,441,441.4,459,449,427.6,439,452,437.8,449,436.4,448.6,445.2,430.8,437.4,441,423.2,427.2,429.4,432.2,442.6,436.4,431,445.4,445.2,446.2,452,430.6,427.2,460.4,437.4,449.8,463.8,438.8,470,462.4,445.8,440.8
6,2,3,461.6,436,460.4,467.2,464.6,447.4,450.2,474.6,450,451.4,460,450.4,440,455.2,465.8,484.2,541.8,578.2,602,626.6,653.2,645,617.6,571.6,490.2,458.2,447.8,450,443.6,465.6,443.2,450,452.8,457.6,433,449,443.8,452.8,457,454.2,470.6,458,450.6,460.8,472,473.2,473.6,502.2,497.4,527,526.6,549.2,525.4,520.4,503,488.8,477.8,479.4,466.8,474.2,458.6,463.2,453,472,470.2,458.4,452.8,453,446.8,450.4,442.4,446.2,450.2,431.8,456.8,442.8,450.2,448.2,433.6,433,457.8,451.8,437,441.2,429,464.6,450,455.4,466.2,462.4,459,472.4,463.4,476.8,468.6,459,456.2,454
6,3,3,490.2,463,479.2,469,468.6,455.8,468.6,476.4,467.4,462,471,464.8,472.2,473.2,463.2,493.8,557.6,592.8,624.6,652.6,650.2,661.8,636.8,619.6,527.4,473.2,456.2,456.8,450,456,468.6,465,457.4,468.8,471,474.6,465.4,466.2,475.2,477.4,473.2,475.8,462.4,489,475.2,477.4,498.8,507,534.2,557,528.8,513.6,523.4,537.4,521.8,504.6,488.6,489.2,481.4,476.4,461.6,467.6,473,474.2,476.4,467.8,476.4,450.2,452.4,435.6,452,449,453,445,454,461.2,472,445,449.4,445,450,452.8,467.4,467.2,463.4,478.8,444.6,463.4,454.6,456.6,462,475.6,491,483.6,473,467.2,480.8,466.6
6,4,3,494.4,465,474.6,480.6,462.8,502.2,477.2,490,477.6,476.2,492.4,487,495.2,477.2,479,507.8,564,611,647.8,672.8,698.2,681.8,653.2,602.6,538,483.6,474.4,477.2,485.6,470.6,474,480.4,482.8,477.2,475.4,480.2,482.2,462.6,484.4,494.8,486.4,484.8,484,480.6,486.8,496.8,515.6,511.4,523,528,534.8,539,575,547.4,519.2,532.8,493.6,489.6,493.4,484.6,487.8,480,478,479.6,496.2,482.6,492,486.8,468.4,463.4,463.2,453,483,464.8,459.6,469.6,469.8,464.2,476.4,452.8,459.8,466.8,471.8,460.6,480,476.8,478.6,483.8,481.6,487.8,479,470.6,479,490,477,495.2,484.6,481
6,4,2,442.8,425.4,435.8,425.4,427.2,429.6,431.6,439.2,418.2,435.6,417.8,421.2,430.6,414,443.4,463,518.6,577.4,603.2,621.8,642.2,609.8,592.8,553.8,445.2,425.6,424.6,412.4,410,422,409.4,418,408.6,432,414.2,421.6,426.6,437,413.6,424.6,416.2,412.6,406.2,434.2,432.4,435.8,427.6,443.6,463.2,465.6,483.6,483.2,467.4,451.8,456.2,450.2,426.2,443.8,433,416.6,422.8,428,427.6,408.6,418.8,419.6,413.4,424,416.4,405.2,414.4,420.4,411,393.6,416.6,399.4,402.6,400.8,419.4,413.6,419.2,424.6,415,424.4,423.8,421.8,419.4,424.8,416.6,427.6,417.6,433.2,414.2,451.4,430.4,421.8,433.2,415
6,4,1,427,418.4,419.8,431.2,416,411.2,418.8,421.8,430.6,423,418.6,399.8,418,420.8,433.4,481.6,509.4,552,586.4,595.4,611.4,574.4,548,498.4,419.2,418.2,406,403.8,409.6,420.6,402,419.2,406.4,424,403.6,406.8,397.8,411.2,397.6,411.4,413.4,407.2,417.4,421,420.4,419.8,423.2,441.8,453,445.8,443.6,481,443.4,451.8,433.4,428.6,427.8,421.6,423.6,416.8,423.6,417.6,404.2,404.8,407,409.4,410,425.4,398,402.8,414,406,398.6,412.4,395.2,402.8,410.2,417.4,402.4,387,407.2,409.2,420.6,396.4,399.2,421.6,408.2,414.8,411.4,399.6,424.8,419,414.6,427.4,426.4,421,426.4,407.8
6,4,0,425,421.8,402,446,430,425.2,405.8,422,418.2,414.6,445,437.4,418.8,435.2,455.8,509.2,560,593.4,605.4,641.2,625.4,601.8,578.2,502.4,427,403.4,422.6,417.4,403.8,415.8,413,403.4,419.6,413.8,414.6,400.6,427,418.2,422.6,408.6,419.8,416.6,406,412.2,407.8,415.4,435,451.2,445.8,428.4,452.8,450.4,440,441.8,441.2,433.8,436.6,425.8,425.6,426.4,404.8,402.2,428.8,431.4,415.2,409,411.4,417.8,412.4,399.8,410,413,419.8,410.4,394.2,407.8,408.8,414.6,407.2,410.4,407.4,405,396.6,396.2,396,417.2,403.4,415.2,413.4,417.6,422.4,405.6,418.4,406.2,418.6,411.6,399.4,412.4
6,4,-1,413,400.6,400.6,409.4,412.2,408.2,405.8,412.2,413.4,397.8,395.8,392.2,416.2,409,439.8,483.8,517,538,576.4,602.4,597.8,553.6,526.4,481,396.6,400,376.6,405.8,384.4,405.4,405,384.8,389.2,408.8,397.6,409.4,397,389,383.2,397.6,392.8,389.8,387.2,392.8,391.6,408.2,397.6,415.6,414.6,427.6,421.6,404,424.4,420.2,424.8,407,405.2,395.8,409.8,396.4,393.6,410.4,405.8,394.4,383.4,392.4,386.4,395,391.2,379.6,393,390.8,394.8,383.2,384.4,382.6,384.8,385.4,392.4,382.8,379.2,393,381.8,377.4,398,391.8,394.6,382.6,384.4,392.2,405,396.4,395,394.6,405,402.4,386.2,400.4
6,4,-2,404.8,389,388.2,390.4,386.4,384.8,386.4,399,388.4,400.6,378.4,384.2,391.4,372.8,392,409.6,417.4,420.4,438.6,422.8,447.4,434,434.2,391,387,365.6,381.4,365.6,378.2,380.6,366,373.2,384,375.8,358.6,379.6,369.6,387.2,372.6,389.2,385.4,384,378.2,378.8,381.4,389.8,383.2,405.6,391.8,402.6,407,411.2,402.6,392.4,408.4,392.2,381.4,391.4,386,370,385.8,380.6,378.2,367.6,372.6,373,380.4,375.2,376,365,368.6,366.8,373.6,377.8,374,374.2,369,367.4,382.4,371.4,357.8,371.4,382.8,379.4,371.6,368,368.4,378,370.4,379.8,372.8,375.4,371.2,383.8,391.8,381.8,361,365
6,4,-3,398.2,376.8,395.2,384.2,394,383.2,375.8,403.8,384.8,374.6,394.2,385.8,381.2,375.2,381,403,421,423.8,445.4,432,445.8,423.2,429,424.6,390.8,379.4,383.2,390.8,372.4,375,375.4,380.4,394,369.4,371.4,387,383.8,376.6,372.8,379.8,388,375.6,376.8,388,384.6,374.8,387.6,388.6,407.6,406.2,401,401.4,403.6,398.6,395.4,390.2,389.4,381.4,380.4,381.8,382,368.8,377,367.6,381.4,367.4,364.4,375,375,377,390.6,383.6,364.2,368.4,369.4,370.4,384.8,350.4,368.2,364.4,388.2,370.4,370.2,364.4,360.4,372,358,373,380.8,376,373.2,376.8,374.6,384.8,390.2,382,381.8,383
6,4,-4,402,398.4,409.2,394,406,401.8,405.8,422.2,405.2,400.4,398,428.6,406.4,422.6,423.8,435.8,435.8,444.8,455.4,453.8,444.8,455.2,441.4,430.6,409.6,401.2,398.8,403.6,401.4,405.2,405.6,401.8,410,402.4,416.8,394.2,410.4,398.6,395.2,393.2,404.6,397.8,387.4,407.4,400.6,390.2,409.4,413.8,429.6,420.4,419.8,433.2,443,406.2,413.2,404.6,403.8,394.4,392.2,392,420,409,399.2,398.4,404.4,395,404.4,392.6,405.6,385.6,390,385.2,406.8,385.8,408.8,400.2,397.8,411.4,402,403,402.2,389.2,389.6,389,389.6,396.4,404.6,384.4,402.6,420.4,409.6,399.2,405,386.2,421,413,399.2,401.2
6,3,-4,409.6,381,389.4,393.2,391.4,380.4,380.6,391.4,376.8,393,368.6,377.4,388.2,394.8,388.6,414.2,417,429.6,433,436.8,427,437,417.4,393.2,379.2,371,385,390.2,375.2,373.2,377.6,375.6,382.4,380.6,384,364.8,386.2,373,385.8,386.4,386.6,393.4,373.4,381.4,369.4,398.6,405,385.6,392.4,405.8,400.6,411.8,415.2,403,388.2,392.4,375,382.4,373.8,361.6,375.6,367.8,373,369,396.8,378.6,373.8,361,374.2,377.8,380,365.4,369.6,365.6,357.8,387.6,365.8,370.4,377.6,386.4,375.6,377.8,383.2,373.2,381.8,375.8,390,376,363,370.4,392.6,381.2,385.2,396.6,398.4,375.2,380.4,375.6
6,2,-4,385,375.2,382.2,368.8,362.8,368.6,372.8,382.6,373,372.2,372.8,370.8,358.6,379,384.8,414.4,403,422.4,442.6,448,435.8,421.4,421.6,392.2,380.6,374.8,376.6,369.6,354.4,370.6,357.2,360.4,377.6,364,361.4,365,384.4,367.4,365.4,372.6,359.4,381.8,377.4,374,371.4,363.4,383.8,378,391.4,393.6,391.8,403.6,392.4,402.2,373.8,387.4,368,358.2,383,370.2,372,371.4,377.2,360,375.8,368.2,364,360.2,349.6,350.4,352.4,363.2,365.6,363.2,373.2,361.8,358.4,366.8,370.4,356,374,358.8,367.2,357,366.2,360.6,365.4,371.6,370,364.2,354.4,371.6,376,370.6,382.2,380.6,369,367
6,1,-4,402.6,397.6,395.4,405,379,393.6,395,402.8,398.8,382.6,390.6,397.2,391.2,381.2,403,413.8,446.2,436.2,438.4,438.64,460.28,436.92,421.76,409.2,393.04,395.08,393.92,391.16,378.4,382.2,385,392.4,394.6,395.8,395,384.8,400.2,387.6,396,378.6,374.2,396.8,398,387,396,394,396,392.8,403.6,420.2,412,415.4,417.2,407.2,408.8,397.8,381.6,393.4,383.8,382.6,388.6,388.2,404,392.8,372.6,397.4,380.4,383,368,395.2,388.6,375.4,400.6,395.6,386,376.8,367.6,383.4,375.2,380.4,387,392.2,390.2,372.6,385.6,369.4,388,380.8,381.2,394,379.6,376.2,390.4,395.2,398.2,375.6,400.6,374.8
6,0,-4,440.8,413.4,417,405.6,424.2,412.2,413.8,425.2,410,419.8,419,437.2,424.2,415,429.2,439.8,443.2,445.4,463.8,483.2,475.8,451.2,449.2,427.4,422,411.4,418,400,413,404.4,412.4,411.8,412.2,425.2,417.4,411.2,410.2,411.2,416,417.4,423.8,405.2,420.2,416.2,414.2,430,432.4,422,448.8,450.6,454.8,456.6,451.4,454.4,440.8,431.2,431,412,406.8,407.2,407,405,412.6,407.6,420.8,406.6,385.4,415.2,397,409.2,409.6,411.4,421.2,406,412.2,389.6,392,409.4,389.2,414,397.4,400.8,408.4,402.2,405,404.2,417.4,417.2,416.8,408.6,404.6,413.8,428.8,414,433.4,418.2,408.8,397
6,-1,-4,454.8,434.4,451.2,435.4,450.8,433.2,445.8,445.4,462.4,447.2,439.8,438.6,442,433.6,445.2,465.8,466,478.2,494.4,490.4,498.2,504.6,479.8,460.4,440.4,434.4,435.6,429.4,424,439,431.8,432.8,437.6,435.4,454.8,433.2,437.4,428.2,444.2,440.4,437.8,434.8,434.2,418,438.8,452.4,456.4,455.4,490,483.8,476,495.4,496.8,474.8,469,467.6,466.4,437.2,450.8,436.2,453,440.4,425,424.8,435.8,446,435.6,441.6,428.4,417.6,425.6,437,434,435.4,419.8,426.8,420.2,434.6,424.2,430.4,422.2,427.4,430.2,419.8,415.2,441,431.4,439.4,444.2,434.6,434.4,436.4,436.6,448.6,448,448.4,450.2,442.8
6,-2,-4,478.4,451.4,468.4,463.8,462.8,456.4,448.2,473.8,456.8,455.8,455.6,458,446,451.4,462.4,469.4,463.6,458.4,472.6,471,478.2,464.6,469.8,467.4,460.8,471,456.4,463,456.8,466,444.6,456.2,451.6,459.2,441.6,453.6,459.4,460.2,471,469.2,460.6,437,464,462.8,458.4,471.6,470.6,508.8,486.4,507,509.6,509.8,518.8,503,509.6,487.8,466.6,470,475,459.6,467.8,455.8,458.6,447,474.6,459.4,444.4,453.8,448.6,448.6,432.4,442,452.4,443,451.2,437.8,457.4,438.8,444.6,438.4,445.4,449.6,449.8,450.8,433.8,462.2,437,459,458.4,446.6,455.2,467.4,466.2,464.8,473.6,460,451,463
6,-3,-4,469.4,453.6,459.6,479.6,468.4,458.8,468.6,478,473.6,462.8,482.4,471.2,466.2,473,454.4,466,477.8,471.8,469,484.4,483.6,497.2,480.2,467,465.8,452.6,462.2,477.4,470.2,464.8,477.8,466.4,448.2,466.6,471.2,459.2,467.8,470.6,459,464,472.8,473.8,470.4,480.8,473.4,497.4,490.8,492,515.2,508.2,518.2,527.4,527.6,507.4,515.2,489.6,508.6,469,476.2,469.8,462.4,469.2,460.8,459.2,461.2,474.8,460.6,481.2,450,475.2,463,473.2,474.8,446.6,453,463,448.2,467,461.2,462.4,444.4,462,474,455.8,461.6,451.6,450.8,460.2,461.8,473.8,469.8,472,473,475.6,484.4,471.8,463.6,470.8
6,-4,-4,503,472.6,470,468,486.8,471.4,481.4,476.4,483.6,495.6,466,470.4,479.2,485.8,487.4,494.8,503,500,508,526,531.4,534.4,517.6,487.6,488.6,471.4,480.6,466.2,465,480.6,463.8,472,464,472.8,470,484.2,471.2,461.8,470,477.2,488.2,466.6,479.6,485,491,498,507.6,524,508.8,541.6,518.8,541.4,525.4,534.8,518.6,496,492.4,488.6,478.8,475.2,484.6,477.4,476.8,483.8,464.8,484.4,467.8,479.4,476.6,469.4,449.6,496.6,473.8,467.2,462.2,462.4,471.6,463,465.4,470.6,470.8,463.8,465.8,447.2,464.6,477.2,480.4,471.2,467.2,478.4,479.2,473.2,468.2,474,484.4,472.8,485.4,475.2
6,-4,-3,438.4,429.8,433.6,438.8,444.4,433.4,430.2,427.6,429.8,433,434.4,437.2,427.4,410.4,422,436.6,455.2,441.8,461.2,468.2,472.8,461,439,434.8,442.6,427,444.4,424.6,434.4,420,436.6,423,435,420.8,419.2,425.2,437.4,432.6,436.2,438,417.6,428.6,434,426.4,420.4,436,446.6,465.4,481,466,489.4,499.8,488.6,477.6,461.6,453.2,449.2,430.2,434.4,439.6,439.2,429,430.6,432.4,437.2,430.4,420.6,421.6,408.6,424.2,423.6,421.8,427.4,424,431.6,430.4,412.6,420.4,441.2,405.8,428,418,421.8,418.8,405.4,414.4,421.8,433.8,413.4,435.4,435.8,426.4,438.4,433.4,459.2,435.6,426.8,430.4
6,-4,-2,427.8,425.4,421.6,441,407.2,424.4,409.6,428.6,429.4,424,435.4,425.2,421,414.2,429.6,442.6,455.2,451.8,453.8,457.8,462.8,440,452.8,444.4,432,421,422.2,417.4,409.8,435.6,442.2,410.6,416.8,437.4,423.2,413.8,430.6,423.2,421.6,412.4,421.6,427.4,432.2,426.6,435.4,422,441.2,453.2,460.2,480.4,480.4,484,464.6,470.4,459.4,439.8,429.4,443.2,428.8,421.8,419,429,421,417.6,425.4,426,426.6,435.6,407.2,425,408.2,421,421.4,421.8,415.4,418.2,409.4,401,425.4,397,402.8,412.8,404.4,405.6,415.2,418.6,408.4,418.4,424.4,425.4,427.2,423,429.4,451.4,431.6,425,430.4,439.4
6,-4,-1,433.4,429,434.2,437.8,416.6,433.6,420,431.4,421.6,413.6,423,430.4,408.4,424.6,430.6,448.8,436.8,456.4,455.4,457.4,465,451.2,461.8,442,431.4,427,407,413.6,415,414.6,422.8,424.2,419.4,432.6,420.8,428.6,422.8,418,421,419.4,424.2,422.4,421.2,437.8,437,453.4,440.2,458,466.4,472.2,479,480,476.6,469,466.2,469,436.6,430.2,443.2,434.6,437.4,424,424.4,415.2,427,437.4,420.6,426,423.2,407.2,403.6,414.2,419.4,403.8,420.2,410.8,412.2,413,409.6,420,403,421,401.6,414.4,412.6,421.2,415.2,408,429.6,415.6,436.8,431.8,429.2,440.2,445.6,425.6,427,419.2
6,-4,0,412.6,414.8,437.4,420.2,419.4,422.6,419.6,425,423,423,407.8,429,411.2,417.8,419,429.6,444.6,442,448.4,456.8,463.2,452,459.8,431.6,424.4,413.6,431.4,429.4,419.8,413,404.4,401.2,422.4,407,398.2,421.6,415.6,425.6,430.4,410.2,426.2,412,427.8,427.2,418.8,431.6,427.6,466.8,451.4,456.6,466.6,469.2,463.2,463.2,467,450,436,428,418.2,430.2,433.8,423.6,403.6,408.2,419,416.2,416,406.6,423,413.2,408.2,419,418.8,407.6,406.2,422,409.2,406.2,408.4,403.6,401,407.8,410,408.4,416.2,393.8,418.2,405.8,426.6,419.8,415.8,421.4,413.8,429.8,435.6,418.8,422.8,409.4
6,-4,1,431.6,416.4,439,414,403,428.2,415.8,427,419.2,412.8,409.6,415.6,427,417.6,419,436.2,439.4,431.2,456.8,454.8,446.8,446.6,438.8,425.2,417,413.8,431.8,421.6,416.8,411.8,420.8,413.6,408,423.6,419.4,414.8,423.4,406.6,417.6,429.6,422.2,416.8,431,421.2,418.4,428.4,438.8,448.8,470.8,460.4,472,480,470.2,472.4,456.2,441.2,430.6,439.2,418,441.4,423.2,429.6,420.2,420.6,420.8,409.1,406.8,402.1,400.4,412.9,415.2,417.9,410.4,407.3,420.6,411,397.8,404.8,414,406.2,406.8,400.4,404.2,405.6,414,422.4,418.8,399.6,422.8,413.2,405.2,428.6,426.6,415,433.4,413.4,436,415.4
6,-4,2,444,417.4,453.4,430.2,439,426.8,434.4,444.6,425.8,429.8,434.6,422,429.2,435.2,417,441,464.4,458.4,455.2,468.2,468.6,471.6,467.4,452.8,435.2,439.4,425.4,435,438.6,436.6,436.4,418.8,428.6,438.8,429.6,430.4,424.6,443.6,432.6,438,439.2,434,434.8,442.2,452.8,454.4,469.2,471,503.8,499.8,502.2,492.2,499.8,505.4,482.4,462.2,452.4,444.8,453.8,436,443.2,443.4,423,443.2,433.8,421.6,427.8,435.6,427.6,413.2,419.8,426.6,447.2,436.6,427.6,418.8,426.6,411.4,430.4,421.6,426.6,425.2,418.8,407.2,410.8,422.2,428.2,431.4,435.2,436.6,432.8,445.4,439.4,432.6,438.8,439.6,435.6,437.2
6,-4,3,470.6,450.8,468.8,463.2,462.4,447.2,442,458,472.2,469.2,460,463.4,454.4,458.6,457,463.8,460,482.4,480.8,485,486.2,486.8,478.4,462.6,459.6,461.4,444.8,458,442.2,471.2,449,450.4,444.8,449,443.2,439.2,445.8,449.8,451,453.8,465.2,452,462.2,463,450.6,492.2,480.6,514.8,505,516.2,523.4,546,536.2,535.6,497.4,491.2,482.8,467.4,458.8,471.2,457.2,464.8,455,447.6,458.2,463.4,459.8,459.4,438.6,441.4,436.6,458,450.6,454.4,437.6,444,443.6,453.8,435.8,452.2,434.8,454.6,441.6,433.2,453.2,459.8,454.6,447,455.4,476.6,456,466.8,470.4,466.2,452.6,453,464.8,456.8
6,-4,4,507,495.6,495.4,495.8,509.4,499.8,492.6,508.2,503.2,502.6,490.4,498.8,496.6,511.2,488.4,509.4,518.6,506.6,497.2,527,528.4,512.2,518.8,509.6,492.8,472,502.4,483.2,492.6,469,473.2,488.2,491.6,494.6,501.6,487.2,486.6,491.4,493,492.8,481,487.6,499.8,516.6,502.4,508.2,527.2,530.4,554,564.6,579.4,567.2,573.6,562.8,556.4,540.4,522.8,515,507.4,504,501.4,493,506.2,490,489.4,512.2,489.2,468,475.6,476.4,491.8,493.6,488.6,481.4,484.6,491.2,488.6,479.8,502,475,487,482.6,496.4,483.2,474.6,498.8,484.2,493.2,501.4,505.2,505.2,479.6,504,502,514.8,495,493,481
6,-3,4,496.2,456.6,485.8,471.6,475.6,470.8,473.8,489.2,464.8,460.2,459.8,470.6,463.6,449.2,454.2,471.4,479,480.4,478.4,506.4,484.6,492.2,491.2,474.4,473.8,451.8,469.6,461.6,452.2,458.6,458.6,452.8,470.6,456.2,466.2,466.4,468.8,466,467.8,475.6,469,460.2,459.8,476.6,487.4,499.4,502.8,510,541.8,535.4,526,551.6,559.4,544.8,531.4,516.8,504.2,490.8,488.6,470.8,478.4,473.6,474.4,478.4,490.4,477.4,469,463.6,478,459.6,464.6,471,459,456.4,463.4,464.6,458.4,454.2,453,462.4,457.8,449.6,461.2,472.4,457,463.8,456.4,464,479,470.4,462,476,488,482.4,490.4,485,470.8,471
6,-2,4,460.2,449.2,484.4,464,470.4,470.6,460.2,468.2,471.6,459.8,473,455.2,446.6,459,461.4,470.6,473.2,478.2,470.6,490.8,479,493.6,487.6,475.6,465.2,451.6,469.4,461.2,475.8,465.2,453.2,454.8,459.4,465.4,459.2,456.2,459.8,464.4,460,471.6,475,471.4,465,463.6,469.8,481.6,489,515.4,518.4,532.6,542.8,546.6,550.8,528.8,513,517.8,477.8,488.4,477,474,460.6,468.4,482.2,472.4,457,462.8,464.6,463.6,458,467,455.8,463.8,469.8,460.8,466,447.4,452,450.4,463.8,453,443.6,458.6,461.8,463,440.6,460.6,458.2,451.2,478.2,477.2,461.8,468.8,487.2,474.6,480,481.8,444.8,471.4
6,-1,4,488.8,460.6,491.8,478.2,479.2,473.4,500.4,487.2,497.8,489.8,477.6,465.4,478,485.2,481.8,498.8,484.6,482,505.6,510.6,512.4,504.6,496,505.4,477.8,471.2,469.4,460,465.4,470.6,476.2,469.4,482.6,477,469.8,480.2,475,473.6,469.2,486.2,485.4,480.2,482.8,489.4,496.4,486.8,522.4,545.2,540.8,565,572.4,584.6,574.4,547.8,545.6,536,508,515.2,480,482.8,499,500.6,513.8,482,472.6,475.2,495.4,483.6,476,480.2,466.2,477.4,472,472.2,472,467.4,490.6,460.4,481.4,446.4,469.8,449.6,462.6,461,456.6,480.2,483.4,471.4,472.6,473.6,479.8,491.8,494.8,488.8,495.8,487.2,489.8,492.8
6,0,4,520.6,484,488.2,484,483,479.4,489.4,503.2,487.8,493.4,479.8,486.8,481.2,483,488.4,516.8,524.6,519,509.6,519.2,503.2,519.4,498.8,508.6,497,500,480.2,484,472.6,483.2,494.4,477,483.8,487,474.6,480,486.8,484,503.2,480.2,474,491.6,499.2,499.4,503.8,520.2,525,547.8,566,550.8,594,576.4,576.6,563.8,553.6,542.4,534.2,520.2,521.2,512.8,517,485.8,498.2,500,514.4,482.2,490.6,503.2,471.8,479.4,479.6,484.6,487.2,477.4,487,471.6,475.6,468.8,482.4,475.8,467,488.4,468,492.6,472.6,493.6,473.8,474.8,478.4,484,495.8,482.6,500,505.8,519.6,480,493.8,479.8
6,1,4,513.8,505.6,506.8,512.6,504,499.8,490.8,505.8,500.4,489.6,508.4,504.2,495,490.4,503.8,513.4,507.6,518.6,526.8,510.6,507.2,529.2,507.8,508,482.2,493.4,496,491.4,500.2,490.4,503.4,488.8,492,493.4,482.8,496.4,499,497.8,504,494.4,492.4,497,492.8,490.4,520.6,519,550,550.4,580.4,571.4,591.2,597.8,611.4,577.2,542.4,552.2,529.6,510.2,514,506.6,512.2,515.2,492.6,513,516,496,500.6,501.2,497.8,477.2,483.6,496,494,495.8,481.4,494,492.2,469.2,497,460.6,483.8,477.6,479.8,494.6,491.2,487,503.2,503.4,499.8,502.8,490.2,508.2,509.4,518.4,518.6,510.6,501.2,499.4
6,2,4,509.2,471.6,510.8,491.6,480.8,503.2,475.2,505.6,489,478.4,475.8,494,479,484.4,497.2,510.6,508,497.6,517.2,511.6,514.2,518,509.6,498.2,484.6,499.2,484.8,466.6,482.2,486.4,483.4,493,488.6,490.2,478.6,507.8,492,501,476.8,483.6,483.2,492.8,499,500.6,494,524.4,527.8,549,563.2,596.8,582.6,583.8,582,570,579.2,565.2,527.6,525,509,527,520,482.4,498.4,503,492.8,492,502,492,505,478.2,486.8,491.4,479.8,473.6,483.4,485.2,474.6,480.2,490.8,463.8,478.2,480,480,468.8,467.6,485.6,477.4,499.2,496.4,491.4,512.2,510.4,522.8,518.6,514.2,513.6,496.2,483.4
6,3,4,502.6,489.4,482.2,488.4,475.8,487,478.6,487.2,483.8,482.8,490,463.6,473.2,482.2,474.8,496.2,494,485,498,485.2,517.4,506.2,506.4,499,483.2,488,471.2,463,474.8,474.6,476.2,477.8,479.4,470,472.2,464.8,478,471.6,476.2,472.8,479.4,469.6,481.4,486.2,488.4,502.6,526.2,544.2,542.6,550.4,570.8,589,584,564.6,558.2,539.4,511.4,503.4,493.4,498.2,491,499.6,507.2,482.2,486.2,490.4,491.2,477.6,490,469.2,468.4,485.4,473.8,463.6,478.6,472.8,472.4,474.6,465.2,451.6,487.2,483,479.2,485,485,479.8,488.6,467.2,464.2,495,484,486.2,495,489.8,525.6,491.4,497.8,473.8
6,4,4,465.8,466,467.2,468.4,475,467.4,473.6,472.2,464.4,469.6,452.8,465,461.6,458.2,475,465.4,479.6,485.4,483.6,497,486.2,493.6,487.8,474.4,446,458.4,459.4,455.6,442,454.2,462,462.4,457.8,476.4,479.8,465.8,459.8,478.6,464.8,454.4,454.2,463.8,449,495.2,470.4,482.4,499.2,521.8,532.8,546,522.4,558.2,541.6,540,519.8,516.6,502.2,481.2,491,481.6,469.4,472.2,478.4,469,460.2,473.4,481.8,462.8,466,474.2,464.2,456.2,470,464.8,471.2,459,465,454.2,454,456,462.2,452,456.6,442.4,450.4,470.8,480.6,478,481.6,468.6,471,483,476.8,476.6,476.2,475,478.2,466
6,5,4,460,440,471.2,455.6,445,453,463.4,459.6,464.6,443,443.6,455.6,445.4,438.6,450.2,468,478.2,471.2,480.4,478.4,475.6,467.8,461.4,477.4,470.4,457.2,436.6,454.8,451.2,426.6,432.6,434.2,437,448.2,432.6,448.4,458.8,441.2,443,443.2,457,457,456.2,459.4,450.2,450.8,486.2,490.2,487.8,505.6,512.4,515,515.8,507.2,497.4,476.4,493.2,456.2,444.2,457.4,453.8,450.8,434.8,463.6,441.6,441.4,455.8,434.2,424.6,432.2,435.2,448.2,451.4,437.4,422.2,436,447.6,426.8,423.6,443.6,417.4,425.2,444.2,438.2,433.8,444,452.8,460,446.6,462.8,445.4,451.4,471.6,462,475.8,456.4,458.6,436.6
6,5,3,452.2,414.8,432.8,430.4,428.6,414.8,421.4,436.8,434.6,430.6,440.6,426.2,420,441.8,420.2,427.8,459,432.8,454.2,457.4,457.8,430.8,449.8,434.8,426.2,437.2,415.2,435.6,414.8,424.2,402.4,421.4,431,420.4,421,418.8,438,411.2,431.6,423,441.4,422.2,425.2,436.4,434.4,449.8,450.6,452.6,479,500.2,486.8,507.2,480.6,495,474,452.8,443,433.2,447,453.2,422.8,435.6,431.8,436.6,412.4,419,433,431,431.8,433.4,430.2,426,420.2,423,409.6,414.8,432,412,420.6,420.4,403.2,417,424.6,399.6,409.6,424.2,436,431.8,436.8,428.8,425,430,430.6,447.4,436,421,428.8,424.8
6,5,2,403.2,397.4,394.4,383.4,406,387.8,385.4,399,398.8,395.2,395,391.24,390.28,391.72,402.56,400.8,403.44,424.88,414.12,416.96,432,415.6,419.2,417,406,396.2,385,390.6,386.2,397.8,403,391.8,408.6,397.8,398.4,401.8,395.4,384.4,400.4,397.8,398.6,396.4,385,392.6,386.4,409.4,406.6,429.4,442.8,445.8,436.4,454.2,462.4,448.8,427.2,420.6,419,412.8,389.4,407.4,400,397.8,405,393,402.2,379.4,373.6,399.2,391.6,373.4,393.8,393.4,390.2,381.4,406.2,382.8,383.6,381,391.4,387.8,382.4,395.8,399.2,386.4,395,397,391.2,393,399.2,402.6,406,391.4,405.4,409,413.8,409.8,405,393.4
6,5,1,391,374.6,380.6,379.2,373,374.4,369,384.4,389.4,376.2,384.4,367.4,364,374.8,372.8,393,383.2,391.2,400,396.8,386.8,399.8,389.8,370.4,374.4,364,381.6,367.2,366.4,365.6,381.4,369,352,363,377.2,358.2,368.4,372.8,364.8,377,356.2,371.4,370.6,368.6,380.8,375.2,391.8,394.6,391.8,405.4,403.6,412.2,404.8,408.4,393.4,385.4,393.4,371.2,368.8,357.4,365,365.4,368.4,351.6,369.6,369.2,357.4,360.4,361.8,365.4,358.6,366.8,365,355.6,359.4,370.4,359.6,348.8,359.6,361.8,364.6,364.2,370.6,369.6,369.8,372.4,362,356.4,367.6,364.8,373.6,359.8,377.4,379.6,380.8,358.6,361.2,355.4
6,5,0,396,379,395,398.8,402.8,390.4,383.2,398.8,376.6,385.8,379.8,390.6,380,382.4,395.8,405,398.6,412.2,425,418.8,413,411,420.2,401.4,383,387.6,373.4,383.6,370.8,373.4,375,374.2,382.6,397.4,385.6,374.8,388.6,392.8,395.6,376,397.8,374.8,377.8,383.2,387.4,373.2,390,406.8,404.6,406.8,413.4,415,417.2,400.8,423.2,387.4,390.4,405,395.8,380.8,388.4,374,382,379,381.6,388,381,376.4,382,371.6,380.8,381.8,378.2,367.2,379.8,376,387.6,371.8,365.2,393.8,370.6,372.6,371.8,376.8,373,383,377.8,386.6,374,368.6,387,375.6,399.6,401,403.8,393.2,383.8,371.6
6,5,-1,427,424.8,438.6,415.8,421.6,419.6,401.4,421.6,418.8,397.4,411.6,403.2,406.4,403,423.2,416.6,419.8,430.8,439,456.4,439.4,436.4,446.2,424.8,410,403.8,398,397.2,411.8,398.8,401.8,404.4,418.4,403.8,406.2,402.2,404.4,395.2,413.4,406.6,408.6,399,403.8,420.4,408.2,411.8,427.4,436,442.2,438,435.4,446,423.4,435,440.6,414.2,426.8,409,415,407,398.6,404.4,393.4,405.4,413.8,420,401.6,411.2,386,406.6,419.2,409.4,401.4,401.2,411.8,401.2,391.2,404,389.6,397.4,390.2,388.4,387.6,401,400.6,397.6,409.6,403.2,415.6,402.6,406.2,414.6,408.8,423.8,430.8,409.4,401.2,419
6,5,-2,407,400.8,395.2,399.2,406.6,403.2,403.2,415.6,412.4,402.2,408,407.4,399.8,395,398,408.4,408.8,406.4,422,432.8,415.4,419.8,422.2,400.8,399.2,392.2,384.4,383.8,405.8,401.8,390.8,385.4,391.6,400.2,408.2,375.4,401,400.6,395.6,401.2,390.6,390.4,391.6,395.8,403.8,402.8,413.2,421.2,413.4,406,432.8,429,414.2,423.2,420,408.8,402.6,396.6,398.4,395.4,400.6,403,390.4,387.8,395,397.2,395.2,396,380.2,398.4,387.2,398.8,397.6,375.4,393.8,392.8,386.6,400.8,391.4,370,391,387.2,379.8,390.8,387.2,390.2,387.4,392.8,400,406.2,404,393.2,409.2,386.4,409.8,397.2,403.6,385.8
6,5,-3,382.2,356.6,364.4,369,366.6,370,352.6,374.6,372,381.6,374.6,360,356.8,361,359.8,382.6,369.6,387.2,403.4,397,390.2,389.6,370.6,387,358.6,359.6,359.2,367,356.8,369.2,364.8,343.6,361,358,355.8,340.4,352.6,359.4,363,348,357.4,365.8,364.6,375.8,365.8,374.6,355.2,384.2,377.4,368.6,384.6,378,382.4,380.2,372.6,366.4,367.4,363.6,369.8,367.6,357.4,360.6,367,354.8,370.2,361.8,348.4,361.8,345.8,362.6,355.4,356.4,352.2,352.6,358.4,347.8,347,361.4,350.6,354.6,358.8,348,350.6,354.2,341,366.6,355.8,355,355.2,350,360.4,372.2,356,356.6,362.6,365.8,358.6,357.2
6,5,-4,370.6,347,371.2,357.2,359.8,353,359,373.8,369.6,359,364.8,359.8,356.6,349,360.2,355.6,376.2,358,375.8,380,377,381.6,378.8,367,341.2,356,359.4,362.8,350.6,340.8,348.6,360.6,372.2,361.8,344,347.8,354.8,353.6,362.2,346.2,360.6,348.6,346.6,354.2,368.6,358.8,361.4,348.4,363.8,371,362.6,371,363.8,367.4,361.8,352.2,344.4,345.8,351.4,343,343,347.8,347.4,336,343,337.8,344.4,348,347.8,348,350.8,347.8,348.8,355.8,339.8,350.8,358.2,343.2,359.8,351.8,333,349.2,351,355.2,341.8,359,347.2,353.8,361.2,355.2,354.4,360.2,361.8,347,354.6,360.8,340,332.2
6,5,-5,397.4,377.4,392,387.8,388.8,390,383.4,389.2,377.4,389.2,382.2,402.4,378.6,376.2,380.6,395.6,395.4,407,408.2,422,414.8,407,415.4,397.2,392.4,383.6,394.2,388.2,390.8,373.4,377.8,382.6,386.2,372.8,379.2,389.8,382.8,380,389.2,397.4,385,393,380.8,387,376.8,380.4,400.6,392.8,414.8,393.4,406.8,394.4,403.2,398.6,406.4,387.2,406.4,389.6,381.8,388.6,377.6,389.4,393.6,390,379.6,368,389.8,374.6,379.2,387.4,379.6,373,391.2,378,373.4,366.4,381.8,384.8,379.6,384,380.6,366.2,393.4,371.8,376.2,390.4,393.4,374,385.2,376.4,381.4,382.8,392.6,388.4,403.6,371,381.6,382.2
6,4,-5,375.4,344,375,343.6,346.6,359.6,349,362.4,363.8,363.6,364,354.6,365.8,341.2,359.8,358,368.4,360.6,364.6,372.4,365.4,372.2,362,350,344.6,342.4,354.6,342,339.8,355,351.2,349,351.6,351.2,357.6,340,359.8,358.2,350.8,344.6,352.4,341.4,353,356.4,347,361,359.4,350,361.8,366.6,376.8,373.4,378.2,361.8,373,359.6,362.6,355.6,349,353.4,334,352.6,359.6,341.4,338.8,341.4,356.2,345.4,350.4,342.2,338,349.6,350.2,345.4,341.8,343.4,354.2,348.8,345.2,346.4,328,338.8,337.8,351,353.6,349.8,340.4,340.2,350.2,348,347.4,348.6,345.2,350.4,374,354.8,357.8,346.6
6,3,-5,371.6,353.4,367.8,362.8,354.6,361.4,340.4,372.4,361.8,356.2,362.8,350.8,362.2,360.2,366.2,378.8,368.2,384.2,404,384.4,401.2,386.6,371.6,370.8,367.8,353.4,353.2,362.6,352.8,358.2,361.6,342.4,352.8,363.2,341,364.6,358.8,353.2,351,359.2,357.8,365.2,353.4,346.8,347.4,356,346.4,363.2,378,393.8,381.2,378.8,392.6,375.4,367.2,373,355.6,347.2,353,354.6,354,357.4,358,338.8,344.6,352.4,353.2,361.4,335.4,347.6,342.2,358.8,341.4,348.2,348.8,353.2,346.4,344.4,346.8,340.4,357,356,340.6,347.2,353.4,359.2,350.6,360.2,352.4,355.2,336,356.4,357,366.2,364.4,348.6,359.4,351
6,2,-5,382,369,395.6,386.6,377.4,388.2,374,384.2,392,376.6,383.8,380.6,374,384.4,373,380.8,394.6,394.4,398.4,401.6,412,408.2,417.2,393,368,369.2,372.8,364.4,369.6,372.8,367.2,356.4,368.8,358.2,361.2,363.6,377.2,374.8,377.4,362.6,353.4,376,367.8,373.6,375.8,388.2,372.4,373.4,394.8,386.84,397.48,394.92,390.96,389,385.24,380.48,376.52,379.36,371.4,381.4,362.2,365,358,370,345.8,352.6,360.6,378.2,357.6,360,369.8,382,369.2,360.8,383.6,364.4,359.6,362.6,371,370.4,360.6,370.6,365,366.2,369.6,375.4,366,355.6,360,359.8,358.6,374.2,367.4,370.6,377.2,369.2,379.2,364.6
6,1,-5,416.8,394.4,395.8,395,393,392.8,393.8,411.6,402.2,393.4,382.8,378.4,390.2,395.8,405.8,403,401,422.2,419,413.8,434,425,417.2,393.6,396,400.8,383.4,390.8,405.4,396.4,378.4,379.8,380.8,389,386.8,382.8,385,396.4,399.2,384.4,390.8,404.6,383.4,386,387.8,391.4,400.8,400,427.4,427.8,404.6,417.8,415.4,398.6,406.4,387.8,388.8,384.2,389.4,392.8,375.2,382.6,399.4,395.4,381.2,388.6,390,390.2,390.6,386.2,366.4,370.6,382,375.4,383.6,385.4,368,379.8,387.2,380,392,397.6,391.6,386,382,389.2,377.8,392.2,380.8,399.8,389.4,393.6,387.2,382.8,389.6,392.8,385,395.8
6,0,-5,421.6,399.4,416.4,405.8,406.8,410.4,399,410,410.4,405.2,401.92,415.84,414.16,391.68,403.8,410.52,412.84,449.16,430.88,430,427.8,429,416.8,413.6,386.2,400.8,398,388.4,403,401.4,386,395,407.8,401.2,394,407.8,403.2,405.2,400.8,404.8,395.4,406,402.8,399.6,406,413.2,414,426.8,419.2,430.6,445.8,438.2,440.8,423.2,432.8,404.4,401.4,414,400.8,397,397.6,393.6,406.8,392.2,411.6,390.2,401,393,399.8,397.8,369.2,393.6,396.2,392.2,380.2,400.6,387.2,391.8,374.8,398.6,379.6,393.2,393.8,401.6,396,407.2,397.8,385.8,389.4,394.4,402.4,406,401.2,420.6,406.6,423.4,399,396.8
6,-1,-5,421.8,407,419,421.4,410,398.8,423.6,421.8,419.2,420.4,425.4,421.8,409.6,411,426.8,420.6,436.4,438.6,464.2,442.4,464,452,430.4,429.8,408.8,419.8,414.6,400.2,426.6,404.4,404.2,390.6,416.6,419.4,423.8,406,411,421.4,419,417.6,425,400.2,428.2,410.4,436.4,434.54,446.08,436.42,454.96,444.9,448.84,466.78,457.12,456.66,437.8,439.6,430.4,406,430.2,419.6,418.8,398.4,418.4,406.4,402,422.2,406,414.6,407.4,411,402.2,398.8,410.8,413,407,407.8,382.4,406.8,399.6,408.2,409.6,412.6,398.6,395.2,407.2,407.6,419,412.8,402.4,418.2,402.6,421.6,428,420,434,394.8,407.6,401.4
6,-2,-5,441.8,412.6,427,427.8,417.8,407.8,420,412.4,434.2,424.8,413.2,410.4,393.6,406.4,410.6,427.8,431.4,459.2,435.2,438,436.2,435.4,443,422.8,423,409.4,410.6,404.4,398.4,401.8,412.2,414.4,426.2,408.2,418.6,414.6,400.8,414.6,425,417.6,411.6,426.6,409,431.4,414.4,433.2,427.8,449,442.2,448.6,440,472.6,451.4,457.8,452.4,422.4,412.8,421,425.4,402.6,409.6,411.8,414.2,392.6,405.6,407.4,403,417.8,400,408.8,405.2,412.2,409.2,400.2,414,414.8,403.8,390.4,383.6,394,406.4,404.2,402.2,406.8,400.6,406.4,407.6,421.4,415.6,398.8,411.8,420.8,424.4,420.4,410.8,429.2,400.4,412.4
6,-3,-5,430,402.2,420.8,429.2,422.6,423.8,422.6,424.6,427,419.4,404.4,399.2,410.2,405.4,421.6,406.2,438.8,424.2,437.2,443.8,428.4,444,414.4,419.8,410,402.6,413,409.4,412.4,400.4,402,417,411.4,410.4,413.2,400.4,420.6,403,421,420,397.2,415.8,401,416.2,415,414.4,424.8,452.6,438,451.4,454.6,446.2,455.6,440.8,448.4,434.8,421.8,436.2,427.4,419.2,413.4,414.8,419,414.8,413,398.2,399.2,403.6,404.2,409.2,407.2,400.2,409.6,404.4,377.8,392,403,410,410.4,392.8,410.2,397.4,418.2,416.6,417,409.8,407.2,414.8,408,411.2,422.2,427.6,418.8,418.6,429.4,411,405.8,411.6
6,-4,-5,418.6,415.8,433.2,421.4,421.6,416,402.4,413,422.6,416.8,422.8,430.2,416.2,414.4,417.2,424.2,442,439,445.2,443.2,450.6,449.2,446.8,420.8,424,415.4,422.8,420,432.4,408.6,414.4,411.2,426,422.8,416.4,424,427.2,423.8,429.2,430.4,417.8,418.8,417.4,438.2,431,432.4,441.2,434.8,466,464.2,462.6,453,465.6,469.4,445,443.4,423,415.6,416,430.2,426.6,419.6,418.2,417.8,428.8,416.8,419.4,428.6,413,407.4,390.8,414,421.6,431.4,407.8,409,410.6,410.2,408,407.2,400.2,411.6,401.8,413.6,413.6,418.8,412.4,424.6,397,430,412.8,411.2,417.8,423.2,441.4,418.2,423,409.8
6,-5,-5,431.2,425.6,431.4,425.2,405,429.8,412.8,441.2,417.2,428.8,417,418.6,422,414.6,416.4,440,434.2,451.2,437.8,461,442.8,445.4,444.2,431.4,422.8,423.8,418.4,425.8,423.2,427,419.2,408.8,411.4,423.6,421.2,419,431.2,422.6,430,428.2,408.6,418.8,415.6,431.8,423,426.8,457.8,464.2,482.6,468.4,461.4,481.2,451.4,450.8,460.6,442.2,423.6,434.2,437.8,435.2,417.4,425.8,432.4,421.4,425.4,435.2,399,416.8,424.4,407,417,417,423,414.8,420.8,412.4,421.4,409.6,402.6,406.2,409.2,420.8,425.6,399.4,419.2,412.4,417.2,399,424.2,429.2,434.2,414.8,428.4,418.6,441.4,423.6,422.2,424.4
6,-5,-4,428.8,408.4,419.8,411.2,411.8,418.8,404.4,423.6,421.6,414.4,423.2,414.6,413.8,415.2,422.8,409,427.2,426.4,440,435.6,434.2,427.2,430.4,441,414.4,420,406.4,416.6,413.4,403,412.2,404.4,411.2,409.6,402.8,403,409.8,399,405.2,401.6,408.8,421.4,427,406.4,420.6,421.8,431,436.2,457.6,448.4,437.4,461,466,444,446.2,431.2,417.2,410,404.8,407,415.6,421,417.2,396.6,398.8,415.2,411.4,397.2,408.6,396.2,407.4,407,414,406.2,405.2,403,409.4,407.8,386.4,402,397.2,403.6,392.4,392,403,402,408.6,416.6,421,394.4,425.6,428.4,416,415.4,439.8,414.6,412.6,415.4
6,-5,-3,441.6,420.6,424.8,428,407.4,409.8,424.4,426.8,420.4,412.4,420.8,409.6,424,413.4,420.6,424.6,442.4,429,449,460.8,446.8,437,426.6,426,412.8,409.8,412.8,418.6,409,418,422,417.4,429,417.8,417.8,416.4,423.2,417.4,410,422.6,425.8,423.6,411,424.4,422.8,429,438,437.4,444.8,468.2,464.6,473.4,472.4,449.6,442.8,440,426.4,427.8,416.2,420.2,423.4,406.8,405.2,419.4,424.4,400.8,406.2,417,402.2,415.6,404.4,422.2,424,412.4,422.8,410,399,406.6,410.8,393,405.8,408.2,402.2,403.6,389.4,404.8,405,381.6,424.6,415.2,407.2,422.2,415.4,437.2,442.6,428.6,414.4,422
6,-5,-2,429.6,399.8,438.2,433,411.4,419,409,450.4,425.6,417.8,423.6,416.2,429.8,432,412.4,429.2,442.4,436.4,429.6,457.8,429.2,437.6,438,436.4,424.2,408,427,413.6,400.6,422.2,417.4,416.6,403,413.8,409.8,420.2,417.6,414.8,410.2,427.8,406.2,415.4,428,414.4,423.8,434.4,425.2,452.2,460,468.2,470,477,468.4,464.4,461.2,438.2,419.4,423.2,417.6,424.4,403.8,418,426,428.8,425.6,429,405.6,409.6,395.2,420,395.2,417.4,422.6,409,410.2,416,407.6,407.6,419,397.6,400.6,417,414,400.6,411.8,401.4,419.2,410.6,424.8,425.6,415.2,415.2,432.4,427.4,434.2,411.6,415,423.2
6,-5,-1,445,423,432.4,435.4,433,427.6,411.8,444.4,413.2,414.2,420.6,438.8,412.2,406.2,399.6,423.8,439,446.6,438.8,441.2,441.4,439,430,418.6,433.4,428,419.6,421.6,416.8,399,415.6,420.2,420,417,424.4,425.8,433.4,400.4,406.6,425.6,409,402,437.8,425.4,431.8,443.8,440.8,448.2,473,455,466,470.8,466,462.8,467.2,439.8,436.6,428.2,446.2,424.6,421.2,423,422.8,410.4,419.8,398.8,422.8,419.8,413.8,408.4,399.4,419.8,418.2,418,413.2,406.2,404.8,396.2,394.6,415,406.78,415.56,407.14,413.72,407.1,410.28,410.66,407.24,411.62,414,413.4,434.8,415.8,419.6,442.2,407.6,416,418.6
6,-5,0,433.4,421.2,430.8,428.4,418.2,424.8,417.6,437,422.6,443.8,430,429.6,403,417,427.4,436.6,408.4,442,451,442.8,445.2,445.2,438.4,417.4,408,404.6,412.6,428.8,414.2,432.6,416,394.4,421.6,417.2,412,437.4,426,425.2,422.4,413.4,400.8,420.4,417.2,430.8,421.4,441.6,438,452.8,455.6,465.8,465.8,482,477.8,459.4,460.4,444.2,423.6,429.6,419.6,427.8,422.8,418.8,422.4,420.8,428.6,436.4,418.2,416.6,442.6,405.6,413.8,425.8,405.2,417.8,406.6,404.4,400,407.6,411.2,397,393.8,405.6,411.8,421.6,400.6,421.4,424.6,416.8,409.6,419.4,415.2,406.4,421.4,424.8,437.4,417.4,417.4,409.6
6,-5,1,430,414,428.2,427.6,423.2,423.2,426,422.6,413.2,424,412.2,424.4,402.2,424.2,410.4,436,443.2,427.8,430.6,447.8,448.8,437.2,439.4,431.8,423,431,414.4,411.8,428.2,419.4,418,420.2,421.6,423.8,419.8,420.6,415,410,420.6,425.2,417.2,439,422,424.4,417,429.8,438.2,452.6,463.6,459.8,480.4,474,472.6,467,460.4,455,437,429.6,418.8,424.6,429,409.4,412.6,425.4,419.4,417.6,428.4,431.8,393.6,421,410.6,419.2,411.6,410.6,400.6,418.4,424.2,408.4,401,399.4,404.4,407.2,398.2,406.4,419.8,429.8,417,416,409.2,407.8,424.6,416.6,429.8,426.8,428.2,427.4,429.8,438.8
6,-5,2,424,426.6,432,427.2,427.8,418.8,421,427,436.4,413.2,425.4,407.2,402,413.6,420,424,434.6,423.6,421.8,434.2,443.6,430,451,418.8,410.2,412.2,410.6,407.4,418.6,408.4,420.8,418.6,421,419.4,423.6,410.2,417.6,416.8,423.4,407.4,412.6,397.8,411.8,423,428.6,436.8,431.2,445.6,453.8,470.8,478.8,451.8,481.8,466.2,446.6,448.8,461.4,424.6,428.2,418.8,419.4,439.2,425.4,419.2,429.4,405.8,401.2,425.2,398.2,412.8,403.2,406.2,420,410,418,412.8,395,410.4,409,422.2,400.4,426.8,395.8,404.2,404.6,411,427,416,408.2,426.2,426,415.8,429.2,418.8,429.8,427.8,418.8,424
6,-5,3,436.8,412.8,420.4,425.4,420.6,434.8,435.8,436.8,424,426,415.4,430.8,408.2,446.8,406.8,429.6,432.8,426.6,439,426.2,434,442.6,440,426.8,436.8,417.2,420.2,414.8,424.2,423.4,423.8,418.4,419.4,419.2,422.2,404.8,430.8,416.2,416.8,413.6,411.2,418.8,413.8,419.2,432,440.4,447.6,441,455,453.6,463.2,485.2,488.8,460,456.6,448.6,434.6,433.6,434.6,422.6,437.2,402.8,401.6,418,410.4,430.8,422,411.2,412.2,410.4,414.6,407.6,412.8,417.2,403.4,405,392.6,416.2,409.8,408.8,395,414.2,411.4,396.6,411.8,423.6,437.2,411.4,413.4,417.6,426.8,421.6,417.6,418.8,440.8,414.2,422.6,414.4
6,-5,4,443.2,425.6,442.6,439.6,430.8,437.8,432.6,438.6,439.8,445.6,425.6,447.2,416.2,431.2,440.4,442.4,425,453.8,458.8,447.8,451.4,448.6,448.6,437.4,427.4,425.8,442.6,432.4,429.6,418.2,434.2,429.6,442,434,417,430.2,439.4,423.4,422.6,426.4,424.8,418.2,429.6,442.4,442.6,445.6,432,463.2,488.6,465,489.8,482.8,488.8,477.8,473.4,461,451,437.6,452.2,432.4,443.6,423.8,428.8,425,420.8,421.2,441,419.2,419.2,427,437,414.2,426.6,427.4,416.4,426.8,407,411.2,430.2,407.8,406.4,411.2,431.6,412,402.2,429.8,419.6,421.8,431,436.6,426.6,448.2,436.4,440,449,426.2,435.2,417.4
6,-5,5,461.2,448.6,444.8,461,451,443.8,441.4,436.6,446.4,455.4,433,453.8,450.2,437.2,452.6,450.2,440.8,440.2,467.6,459.6,452.8,464,478.2,448.6,446,438.2,460.4,437.4,422.2,438.4,430.4,444.2,442,431.6,442.6,443,430,429,443.6,432.6,446,434.6,449,458.2,455.2,467.8,456.2,471.6,493,496.2,501.4,500.2,504,496,480.8,472.4,469.4,458.8,441.6,454.6,426.8,434,447.2,441.2,434.8,451.6,430.6,439.6,436.2,429,426.4,418,424.6,440.4,437.2,446.2,439,426.8,440.8,426.6,430,433.4,429,430.6,438.8,432.2,426.8,437.8,434.6,443.8,450.2,443.4,463.8,435.4,446.4,459.8,451.2,434.8
6,-4,5,449.4,445.6,446.4,451,442.8,441.6,443.4,445.6,449.2,422.2,439.6,438.2,440.6,441.2,440.8,441,446,440.8,456,459,463.4,458,444.6,455.8,447,444.6,449.8,424.6,436,429.4,436.8,437.2,424.8,436,436.2,442.2,439.2,444,438.8,448.2,437,434,431.2,446.8,433.2,434.4,454,474.8,483.4,496.6,507.4,502.4,483.8,490.8,491.2,461,458.8,422.2,438.4,435.6,448,441.4,425.8,446.4,435.4,455,430.4,429.8,427,427.2,428,430.8,429.8,423,433.4,424.8,447.4,415,428.2,428.4,426.4,418.2,418,427.2,427,431.2,430.8,433.4,434.8,441.4,446.8,433.6,442.6,435,449.4,452.4,452.6,432.6
6,-3,5,442,424,451,445.4,441.4,453.8,422.2,433.4,445.6,432.2,427.8,437.2,422.6,417.8,432.4,431.6,445.2,446,428.8,450.6,447.4,454.2,438.6,440.6,442,423,417.4,429.6,428.8,435.2,424,421.8,427.8,446.8,416.2,422.2,435.6,436.4,432.4,434.8,432.4,421.4,420.6,433.6,461.8,449.4,437.8,464,472.2,492,500.2,499.2,489.2,491.6,478.4,458.4,456.6,436.8,438.8,438,428,437.6,432,432.2,436.6,438.4,431,420.8,417.8,419.8,408.8,433.6,416,427,427.8,418.4,416.6,434.6,417.8,403.6,415.8,423.6,418.8,431.4,434.4,433.6,416.2,442.2,432.2,426.4,420,440.8,447.6,451,440.4,441.2,445.8,435.4
6,-2,5,463,430.6,427.6,429,425.6,432.2,440.8,436,434,429.6,428.6,416,422.6,429,422.4,428.8,434.4,444.6,467.2,449,463.4,429.8,460.4,414.8,435.4,437,432.6,425.2,428.4,432.6,432,409.6,428.8,440,417.2,433.8,432.2,440.4,439.8,426.4,428.2,429,427.8,435,452.2,449.6,476.4,467.4,467,475.8,489.4,507.2,493.8,473.6,469,457.2,455.6,430.6,445,418.8,427.6,430.4,433.8,419.8,428,444.6,434.8,427.4,435.8,429,413,423.8,441.2,421.8,409.2,403.2,412.8,417.6,411.2,424.4,419.4,431.4,412.4,416.8,408.4,435.2,415.8,430,419.6,418,449.6,428.8,455.8,437.2,464.6,424.4,437.2,443.6
6,-1,5,429.2,414.4,424.8,424.8,426.8,419,406.8,435.4,426,420.6,424.2,416.2,421.8,424.6,423.4,420.6,429.6,438.2,454.8,442.6,432.2,433.4,428.4,424.2,422,428.6,416.4,418.4,414.8,416,417,402.2,432.4,438.4,413.4,424.2,425,415.4,434.2,421.8,429.4,420,431,436.2,440.8,448.6,464,465.4,475.4,493,497.8,500.6,494.2,491,465.6,448,441.2,436.8,426.2,421.6,424.6,422.6,431.4,432.8,406.8,420,421,411.8,418.8,412,395.8,422,411.8,403.4,411.4,422.4,403.2,409,413.4,407.6,413.4,405.6,411.2,401.2,392.6,418.4,415.6,402.8,425.2,435.4,423.2,437.2,440.4,426.6,439.8,421.6,425.2,420.8
6,0,5,431.6,416.2,414.4,437.8,433.8,407,423.2,437.2,431.6,430.6,436.8,409,395.4,422.8,425.2,429,433.6,446.6,447,442.8,458.2,431.4,456.8,442.8,430.4,419.2,421,419.8,424.2,414.6,414,437,442.6,424.6,436,421.4,400.8,429,410,428.2,408.8,427.2,418.8,446,437.2,446.4,450.4,453,466.6,478.4,483.6,503.2,497,481.2,475.8,449.8,437.6,420.6,488.6,466.6,437.6,433.4,418.98,431.56,438.74,434.72,433.3,423.88,423.66,412.84,415.02,428.4,426,400.6,431.8,407.2,419.4,404.6,403.6,414.4,418.2,418.6,411.2,410,415.4,432.8,426.8,420.6,413,434,428.6,428.6,423,434,429.8,423.2,438.4,433
6,1,5,443.2,403.8,428,429.6,416,436.2,425.8,428.6,424,435,428.2,438.2,427.6,421,416.8,438.2,427.2,431.2,454.2,435.2,437.8,442.8,444.4,436.8,420.2,419.8,427.8,423,422.4,421,415.8,427,410.2,424.4,422.6,421.6,414,425,437.6,424.2,409.6,412.4,420.2,435,424.4,443.6,459.8,459.8,485,478.8,490.8,490.6,495.2,492.6,474.6,460.6,452.2,448.8,430,426,430.4,424.8,431.2,445.8,416,437.4,414.6,421.8,410,425.4,418.4,426.6,413.8,402,389.8,414.2,414.8,420.8,417,402.8,413.4,416,418.2,419.2,412.8,396.8,405.4,411.6,407.4,423.6,412.8,421.4,426.6,426.2,430.2,424.4,409,422
6,2,5,429.4,409.8,427.6,427.8,416.6,423.8,431.2,448,416.4,422.4,436.36,433.92,421.68,421.84,426,427.36,426.92,431.68,432.24,432.2,453.4,438.4,445.2,434,411,415.6,423.2,403,418,389.2,430.4,426.8,427.6,427,419.8,435,417,415,422,426.4,402.4,421.4,409.4,425.4,435,429.4,438.6,454.4,474.2,454.6,482.2,479.4,492.6,468.4,462.4,432.2,452.2,426.2,440.6,425.8,430.4,424.4,419,417,426,421.6,415.8,411.8,413,416,416.4,422.2,421.8,404.4,418.8,412.8,417.8,418.4,395.6,414.2,414,422.4,417.6,406.6,414.4,426.8,407.4,420,426.8,419.2,413.4,429.4,442.8,440,443.4,418.6,422.8,426.4
6,3,5,436.6,427.6,432.6,434.4,415.8,431,426.6,425.4,430.4,437.2,429,419.2,421,421,416,428.2,423.8,438.4,432.8,441.2,448,440.8,433,414.6,423.2,417.6,420.8,408.6,427.8,419.4,410.8,410.8,405.6,407,432.6,416.6,407.6,417.6,413,404.2,419,415.2,408.6,415.8,439.8,432.2,438.8,441.4,465.6,478.2,471.8,460,464,460,439,420.4,432.2,433.6,434.2,425,429.8,436.6,408.4,403.8,397.8,436.4,418.4,420.2,420,417.6,411.4,413.4,418.2,406.6,409.6,402.8,405.2,391.8,401.2,406.6,396.8,396.2,413.2,403.6,423.4,415.6,404.2,413.8,419.6,422.4,420.6,418.2,408.6,428.8,443,412.8,424,413.6
6,4,5,440.6,430.4,428.6,436.4,435.6,442.2,433.6,439.6,425.2,416.4,411.2,441.6,421,423.8,430.6,425.2,430.4,459.8,447.6,446,442.6,440,441.4,443.2,427.2,421.2,422.4,427.4,434,414,417.4,416.6,414.8,425.8,413.2,420.4,427,428.2,424.8,423.2,436.8,411.6,406.8,424.8,424,452.6,441.6,456,464,462.6,473.6,470.6,486.2,469.2,462.4,434.2,436.6,427.8,447,432.2,414.4,416.6,403,437,427.2,412.2,423.6,433.8,430.8,420,434.8,416.6,441.4,402.2,428,407.6,409,419.6,396.6,395.4,414.8,414.4,405.4,403.2,404.8,416.6,421.6,415.8,410,419.6,426.8,429.6,432.2,430.6,446.2,427.2,427.6,427.8
6,5,5,432,418,432.6,424,436,422.4,419.6,433.4,425.8,418.6,430.6,423.6,420.6,436,432.8,440,432.6,421,434.2,449.4,432.4,448.8,438,416.4,413,428.8,425.8,401,408.8,431.2,415.6,400.2,423.4,413,412.8,432.6,408.4,413.2,415.4,415.8,419.8,408.8,421.8,417.6,418,423.4,438.6,429.6,454.4,469.6,473.6,467.8,451.6,454,457.8,421.8,439,420.8,431,408.4,414.2,425,429.2,431,424.8,419.2,418.2,427.4,417.6,419.4,415,424,412.8,388.2,416,420.4,415.4,416.4,399,393.4,399,396.6,406.8,406.2,401.8,425.2,419,414.4,410.8,410.2,399.2,418.2,425.6,416.4,421.2,422.8,414.6,431.2
